#Starting log sesion 04:37:21:877
%Timestamp;streamData
1434724641888.53;;
1434724641890.82;;
1434724642247.2;;
1434724642383;;
1434724642399.51;;
1434724642416.15;;
1434724642432.68;;
1434724642450.93;;
1434724642467.57;;
1434724642484.26;;
1434724642500.86;;
1434724642517.49;;
1434724642534.91;;
1434724642551.95;;
1434724642568.14;;
1434724642584.91;;
1434724642601.45;;
1434724642618.09;;
1434724642634.32;;
1434724642651.25;;
1434724642668.19;;
1434724642684.21;;
1434724642701.36;;
1434724642717.45;;
1434724642734.07;;
1434724642750.58;;
1434724642767.34;;
1434724642783.66;;
1434724642800.67;;
1434724642816.71;;
1434724642833.29;;
1434724642850.03;;
1434724642866.66;;
1434724642883.3;;
1434724642899.43;;
1434724642916.06;;
1434724642932.58;;
1434724642949.36;;
1434724642966.89;;
1434724642984.1;;
1434724643000.15;;
1434724643016.78;;
1434724643033.43;;
1434724643050;;
1434724643066.34;;
1434724643082.93;;
1434724643099.6;;
1434724643116.25;;
1434724643132.78;;
1434724643149.51;;
1434724643166.16;;
1434724643182.87;;
1434724643299.68;;
1434724643316.44;;
1434724643333.61;;
1434724643383.31;1;typeI3;startStimuli;2;0;;
1434724643395.38;1;typeI3;startStimuli;2;0;;
1434724643412.78;1;typeI3;startStimuli;2;0;;
1434724643429.48;1;typeI3;startStimuli;2;0;;
1434724643445.18;1;typeI3;startStimuli;2;0;;
1434724643462.6;1;typeI3;startStimuli;2;0;;
1434724643483.05;1;typeI3;startStimuli;2;0;;
1434724643499.67;1;typeI3;startStimuli;2;0;;
1434724643516.28;1;typeI3;startStimuli;2;0;;
1434724643566.99;1;typeI3;startStimuli;2;0;;
1434724643583.64;1;typeI3;startStimuli;2;0;;
1434724643600.25;1;typeI3;startStimuli;2;0;;
1434724643616.8;1;typeI3;startStimuli;2;0;;
1434724643633.53;1;typeI3;startStimuli;2;0;;
1434724643650.07;1;typeI3;startStimuli;2;0;;
1434724643667.02;1;typeI3;startStimuli;2;0;;
1434724643683.67;1;typeI3;startStimuli;2;0;;
1434724643700.4;1;typeI3;startStimuli;2;0;;
1434724643716.98;1;typeI3;startStimuli;2;0;;
1434724643734.97;1;typeI3;startStimuli;2;0;;
1434724643752.04;1;typeI3;startStimuli;2;0;;
1434724643768.25;1;typeI3;startStimuli;2;0;;
1434724643784.9;1;typeI3;startStimuli;2;0;;
1434724643801.4;1;typeI3;startStimuli;2;0;;
1434724643818.16;1;typeI3;startStimuli;2;0;;
1434724643834.83;1;typeI3;startStimuli;2;0;;
1434724643851.02;1;typeI3;startStimuli;2;0;;
1434724643867.79;1;typeI3;startStimuli;2;0;;
1434724643890.9;1;typeI3;startStimuli;2;0;;
1434724643908.46;1;typeI3;startStimuli;2;0;;
1434724643931.43;1;typeI3;startStimuli;2;0;;
1434724643940.92;1;typeI3;startStimuli;2;0;;
1434724643957.69;1;typeI3;startStimuli;2;0;;
1434724643974.13;1;typeI3;startStimuli;2;0;;
1434724643990.93;1;typeI3;startStimuli;2;0;;
1434724644046.91;1;typeI3;startStimuli;2;0;;
1434724644066.99;1;typeI3;startStimuli;2;0;;
1434724644086.85;1;typeI3;startStimuli;2;0;;
1434724644103.88;1;typeI3;startStimuli;2;0;;
1434724644130.58;1;typeI3;startStimuli;2;0;;
1434724644150.74;1;typeI3;startStimuli;2;0;;
1434724644167.39;1;typeI3;startStimuli;2;0;;
1434724644184.08;1;typeI3;startStimuli;2;0;;
1434724644200.68;1;typeI3;startStimuli;2;0;;
1434724644217.32;1;typeI3;startStimuli;2;0;;
1434724644234.95;1;typeI3;startStimuli;2;0;;
1434724644251.49;1;typeI3;startStimuli;2;0;;
1434724644268.23;1;typeI3;startStimuli;2;0;;
1434724644284.88;1;typeI3;startStimuli;2;0;;
1434724644301.54;1;typeI3;startStimuli;2;0;;
1434724644318.16;1;typeI3;startStimuli;2;0;;
1434724644335.05;1;typeI3;startStimuli;2;0;;
1434724644351.59;1;typeI3;startStimuli;2;0;;
1434724644368.35;1;typeI3;startStimuli;2;0;;
1434724644385;1;typeI3;startStimuli;2;0;;
1434724644401.63;1;typeI3;startStimuli;2;0;;
1434724644417.93;1;typeI3;startStimuli;2;0;;
1434724644434.98;1;typeI3;startStimuli;2;0;;
1434724644451.57;1;typeI3;startStimuli;2;0;;
1434724644468.36;1;typeI3;startStimuli;2;0;;
1434724644484.93;1;typeI3;startStimuli;2;0;;
1434724644501.6;1;typeI3;startStimuli;2;0;;
1434724644518.83;1;typeI3;startStimuli;2;0;;
1434724644535.5;1;typeI3;startStimuli;2;0;;
1434724644551.99;1;typeI3;startStimuli;2;0;;
1434724644568.71;1;typeI3;startStimuli;2;0;;
1434724644585.39;1;typeI3;startStimuli;2;0;;
1434724644601.83;1;typeI3;startStimuli;2;0;;
1434724644618.93;1;typeI3;startStimuli;2;0;;
1434724644635.6;1;typeI3;startStimuli;2;0;;
1434724644652.15;1;typeI3;startStimuli;2;0;;
1434724644668.87;1;typeI3;startStimuli;2;0;;
1434724644685.38;1;typeI3;startStimuli;2;0;;
1434724644703.22;1;typeI3;startStimuli;2;0;;
1434724644720.44;1;typeI3;startStimuli;2;0;;
1434724644736.51;1;typeI3;startStimuli;2;0;;
1434724644753.15;1;typeI3;startStimuli;2;0;;
1434724644769.83;1;typeI3;startStimuli;2;0;;
1434724644786.33;1;typeI3;startStimuli;2;0;;
1434724644802.72;1;typeI3;startStimuli;2;0;;
1434724644819.37;1;typeI3;startStimuli;2;0;;
1434724644836.01;1;typeI3;startStimuli;2;0;;
1434724644852.56;1;typeI3;startStimuli;2;0;;
1434724644869.27;1;typeI3;startStimuli;2;0;;
1434724644885.9;1;typeI3;startStimuli;2;0;;
1434724644902.54;1;typeI3;startStimuli;2;0;;
1434724644919.04;1;typeI3;startStimuli;2;0;;
1434724644935.74;1;typeI3;startStimuli;2;0;;
1434724644952.16;1;typeI3;startStimuli;2;0;;
1434724644969;1;typeI3;startStimuli;2;0;;
1434724644985.66;1;typeI3;startStimuli;2;0;;
1434724645003.21;1;typeI3;startStimuli;2;0;;
1434724645019.83;1;typeI3;startStimuli;2;0;;
1434724645036.49;1;typeI3;startStimuli;2;0;;
1434724645053;1;typeI3;startStimuli;2;0;;
1434724645069.75;1;typeI3;startStimuli;2;0;;
1434724645086.96;1;typeI3;startStimuli;2;0;;
1434724645103.6;1;typeI3;startStimuli;2;0;;
1434724645120.26;1;typeI3;startStimuli;2;0;;
1434724645136.87;1;typeI3;startStimuli;2;0;;
1434724645153.48;1;typeI3;startStimuli;2;0;;
1434724645170.02;1;typeI3;startStimuli;2;0;;
1434724645186.87;1;typeI3;startStimuli;2;0;;
1434724645203.47;1;typeI3;startStimuli;2;0;;
1434724645220.14;1;typeI3;startStimuli;2;0;;
1434724645236.72;1;typeI3;startStimuli;2;0;;
1434724645253.29;1;typeI3;startStimuli;2;0;;
1434724645270.08;1;typeI3;startStimuli;2;0;;
1434724645286.71;1;typeI3;startStimuli;2;0;;
1434724645302.96;1;typeI3;startStimuli;2;0;;
1434724645319.64;1;typeI3;startStimuli;2;0;;
1434724645336.27;1;typeI3;startStimuli;2;0;;
1434724645352.81;1;typeI3;startStimuli;2;0;;
1434724645371.16;1;typeI3;startStimuli;2;0;;
1434724645387.83;1;typeI3;startStimuli;2;0;;
1434724645404.47;1;typeI3;startStimuli;2;0;;
1434724645421.02;1;typeI3;startStimuli;2;0;;
1434724645437.76;1;typeI3;startStimuli;2;0;;
1434724645454.26;1;typeI3;startStimuli;2;0;;
1434724645470.61;1;typeI3;startStimuli;2;0;;
1434724645487.36;1;typeI3;startStimuli;2;0;;
1434724645504.02;1;typeI3;startStimuli;2;0;;
1434724645520.63;1;typeI3;startStimuli;2;0;;
1434724645537.32;1;typeI3;startStimuli;2;0;;
1434724645553.92;1;typeI3;startStimuli;2;0;;
1434724645570.46;1;typeI3;startStimuli;2;0;;
1434724645587.05;1;typeI3;startStimuli;2;0;;
1434724645603.68;1;typeI3;startStimuli;2;0;;
1434724645620.54;1;typeI3;startStimuli;2;0;;
1434724645637;1;typeI3;startStimuli;2;0;;
1434724645653.63;1;typeI3;startStimuli;2;0;;
1434724645670.66;1;typeI3;startStimuli;2;0;;
1434724645687.42;1;typeI3;startStimuli;2;0;;
1434724645704.08;1;typeI3;startStimuli;2;0;;
1434724645720.72;1;typeI3;startStimuli;2;0;;
1434724645737.37;1;typeI3;startStimuli;2;0;;
1434724645754.02;1;typeI3;startStimuli;2;0;;
1434724645770.7;1;typeI3;startStimuli;2;0;;
1434724645787.48;1;typeI3;startStimuli;2;0;;
1434724645804.21;1;typeI3;startStimuli;2;0;;
1434724645820.77;1;typeI3;startStimuli;2;0;;
1434724645842.85;1;typeI3;startStimuli;2;0;;
1434724645859.56;1;typeI3;startStimuli;2;0;;
1434724645876.37;1;typeI3;startStimuli;2;0;;
1434724645893.18;1;typeI3;startStimuli;2;0;;
1434724645909.94;1;typeI3;startStimuli;2;0;;
1434724645926.67;1;typeI3;startStimuli;2;0;;
1434724645942.71;1;typeI3;startStimuli;2;0;;
1434724645959.24;1;typeI3;startStimuli;2;0;;
1434724645975.92;1;typeI3;startStimuli;2;0;;
1434724645992.49;1;typeI3;startStimuli;2;0;;
1434724646009.24;1;typeI3;startStimuli;2;0;;
1434724646025.82;1;typeI3;startStimuli;2;0;;
1434724646042.02;1;typeI3;startStimuli;2;0;;
1434724646058.7;1;typeI3;startStimuli;2;0;;
1434724646075.34;1;typeI3;startStimuli;2;0;;
1434724646091.8;1;typeI3;startStimuli;2;0;;
1434724646108.35;1;typeI3;startStimuli;2;0;;
1434724646125.23;1;typeI3;startStimuli;2;0;;
1434724646141.91;1;typeI3;startStimuli;2;0;;
1434724646157.94;1;typeI3;startStimuli;2;0;;
1434724646174.45;1;typeI3;startStimuli;2;0;;
1434724646191.19;1;typeI3;startStimuli;2;0;;
1434724646207.98;1;typeI3;startStimuli;2;0;;
1434724646224;1;typeI3;startStimuli;2;0;;
1434724646240.54;1;typeI3;startStimuli;2;0;;
1434724646257.28;1;typeI3;startStimuli;2;0;;
1434724646274.03;1;typeI3;startStimuli;2;0;;
1434724646290.16;1;typeI3;startStimuli;2;0;;
1434724646307.22;1;typeI3;startStimuli;2;0;;
1434724646323.72;1;typeI3;startStimuli;2;0;;
1434724646340.07;1;typeI3;startStimuli;2;0;;
1434724646356.64;1;typeI3;startStimuli;2;0;;
1434724646373.16;1;typeI3;startStimuli;2;0;;
1434724646389.91;1;typeI3;startStimuli;2;0;;
1434724646406.56;1;typeI3;startStimuli;2;0;;
1434724646423.09;1;typeI3;startStimuli;2;0;;
1434724646439.72;1;typeI3;startStimuli;2;0;;
1434724646456.37;1;typeI3;startStimuli;2;0;;
1434724646472.89;1;typeI3;startStimuli;2;0;;
1434724646489.67;1;typeI3;startStimuli;2;0;;
1434724646506.09;1;typeI3;startStimuli;2;0;;
1434724646522.73;1;typeI3;startStimuli;2;0;;
1434724646539.4;1;typeI3;startStimuli;2;0;;
1434724646556;1;typeI3;startStimuli;2;0;;
1434724646573.19;1;typeI3;startStimuli;2;0;;
1434724646589.3;1;typeI3;startStimuli;2;0;;
1434724646605.94;1;typeI3;startStimuli;2;0;;
1434724646623.4;1;typeI3;startStimuli;2;0;;
1434724646640.12;1;typeI3;startStimuli;2;0;;
1434724646656.72;1;typeI3;startStimuli;2;0;;
1434724646673.26;1;typeI3;startStimuli;2;0;;
1434724646690.02;1;typeI3;startStimuli;2;0;;
1434724646706.66;1;typeI3;startStimuli;2;0;;
1434724646723.13;1;typeI3;startStimuli;2;0;;
1434724646739.78;1;typeI3;startStimuli;2;0;;
1434724646756.46;1;typeI3;startStimuli;2;0;;
1434724646773.02;1;typeI3;startStimuli;2;0;;
1434724646789.71;1;typeI3;startStimuli;2;0;;
1434724646806.37;1;typeI3;startStimuli;2;0;;
1434724646823.02;1;typeI3;startStimuli;2;0;;
1434724646839.18;1;typeI3;startStimuli;2;0;;
1434724646855.75;1;typeI3;startStimuli;2;0;;
1434724646872.3;1;typeI3;startStimuli;2;0;;
1434724646888.99;1;typeI3;startStimuli;2;0;;
1434724646907.19;1;typeI3;startStimuli;2;0;;
1434724646923.81;1;typeI3;startStimuli;2;0;;
1434724646940.56;1;typeI3;startStimuli;2;0;;
1434724646957.02;1;typeI3;startStimuli;2;0;;
1434724646973.75;1;typeI3;startStimuli;2;0;;
1434724646990.39;1;typeI3;startStimuli;2;0;;
1434724647007.36;1;typeI3;startStimuli;2;0;;
1434724647023.98;1;typeI3;startStimuli;2;0;;
1434724647040.59;1;typeI3;startStimuli;2;0;;
1434724647057.28;1;typeI3;startStimuli;2;0;;
1434724647073.86;1;typeI3;startStimuli;2;0;;
1434724647090.4;1;typeI3;startStimuli;2;0;;
1434724647107.9;1;typeI3;startStimuli;2;0;;
1434724647124.59;1;typeI3;startStimuli;2;0;;
1434724647141.26;1;typeI3;startStimuli;2;0;;
1434724647157.87;1;typeI3;startStimuli;2;0;;
1434724647174.52;1;typeI3;startStimuli;2;0;;
1434724647190.97;1;typeI3;startStimuli;2;0;;
1434724647207.79;1;typeI3;startStimuli;2;0;;
1434724647223.95;1;typeI3;startStimuli;2;0;;
1434724647240.54;1;typeI3;startStimuli;2;0;;
1434724647257.2;1;typeI3;startStimuli;2;0;;
1434724647273.92;1;typeI3;startStimuli;2;0;;
1434724647291.44;1;typeI3;startStimuli;2;0;;
1434724647308.28;1;typeI3;startStimuli;2;0;;
1434724647324.81;1;typeI3;startStimuli;2;0;;
1434724647341.47;1;typeI3;startStimuli;2;0;;
1434724647358.13;1;typeI3;startStimuli;2;0;;
1434724647375.58;1;typeI3;startStimuli;2;0;;
1434724647392.44;1;typeI3;startStimuli;2;0;;
1434724647408.85;1;typeI3;startStimuli;2;0;;
1434724647425.37;1;typeI3;startStimuli;2;0;;
1434724647442.14;1;typeI3;startStimuli;2;0;;
1434724647458.78;1;typeI3;startStimuli;2;0;;
1434724647475.42;1;typeI3;startStimuli;2;0;;
1434724647491.71;1;typeI3;startStimuli;2;0;;
1434724647508.49;1;typeI3;startStimuli;2;0;;
1434724647525.09;1;typeI3;startStimuli;2;0;;
1434724647541.79;1;typeI3;startStimuli;2;0;;
1434724647558.43;1;typeI3;startStimuli;2;0;;
1434724647576.07;1;typeI3;startStimuli;2;0;;
1434724647592.65;1;typeI3;startStimuli;2;0;;
1434724647609.4;1;typeI3;startStimuli;2;0;;
1434724647626.05;1;typeI3;startStimuli;2;0;;
1434724647642.69;1;typeI3;startStimuli;2;0;;
1434724647659.35;1;typeI3;startStimuli;2;0;;
1434724647675.7;1;typeI3;startStimuli;2;0;;
1434724647692.52;1;typeI3;startStimuli;2;0;;
1434724647708.77;1;typeI3;startStimuli;2;0;;
1434724647725.34;1;typeI3;startStimuli;2;0;;
1434724647742;1;typeI3;startStimuli;2;0;;
1434724647760.19;1;typeI3;startStimuli;2;0;;
1434724647776.9;1;typeI3;startStimuli;2;0;;
1434724647793.46;1;typeI3;startStimuli;2;0;;
1434724647810;1;typeI3;startStimuli;2;0;;
1434724647826.74;1;typeI3;startStimuli;2;0;;
1434724647844.12;1;typeI3;startStimuli;2;0;;
1434724647860.75;1;typeI3;startStimuli;2;0;;
1434724647877.93;1;typeI3;startStimuli;2;0;;
1434724647893.98;1;typeI3;startStimuli;2;0;;
1434724647910.55;1;typeI3;startStimuli;2;0;;
1434724647927.32;1;typeI3;startStimuli;2;0;;
1434724647943.55;1;typeI3;startStimuli;2;0;;
1434724647960.61;1;typeI3;startStimuli;2;0;;
1434724647976.71;1;typeI3;startStimuli;2;0;;
1434724647993.23;1;typeI3;startStimuli;2;0;;
1434724648009.99;1;typeI3;startStimuli;2;0;;
1434724648026.63;SetupFinished;;
1434724648043.12;SetupFinished;;
1434724648060.04;SetupFinished;;
1434724648076.67;SetupFinished;;
1434724648093.23;SetupFinished;;
1434724648109.98;SetupFinished;;
1434724648126.61;SetupFinished;;
1434724648143.27;SetupFinished;;
1434724648159.86;SetupFinished;;
1434724648176.46;SetupFinished;;
1434724648192.97;SetupFinished;;
1434724648209.72;SetupFinished;;
1434724648228.05;SetupFinished;;
1434724648244.71;SetupFinished;;
1434724648261.35;SetupFinished;;
1434724648277.99;SetupFinished;;
1434724648294.67;SetupFinished;;
1434724648310.86;SetupFinished;;
1434724648327.91;SetupFinished;;
1434724648344.07;SetupFinished;;
1434724648360.81;SetupFinished;;
1434724648377.29;SetupFinished;;
1434724648393.91;SetupFinished;;
1434724648410.48;SetupFinished;;
1434724648427.16;SetupFinished;;
1434724648443.59;SetupFinished;;
1434724648460.25;SetupFinished;;
1434724648476.83;SetupFinished;;
1434724648493.53;SetupFinished;;
1434724648510.05;SetupFinished;;
1434724648527.95;SetupFinished;;
1434724648544.62;SetupFinished;;
1434724648561.22;SetupFinished;;
1434724648577.87;SetupFinished;;
1434724648594.51;SetupFinished;;
1434724648611.08;SetupFinished;;
1434724648627.81;SetupFinished;;
1434724648643.94;SetupFinished;;
1434724648660.59;SetupFinished;;
1434724648677.19;SetupFinished;;
1434724648693.92;SetupFinished;;
1434724648710.36;SetupFinished;;
1434724648727.89;SetupFinished;;
1434724648744.57;SetupFinished;;
1434724648761.22;SetupFinished;;
1434724648777.88;SetupFinished;;
1434724648794.52;SetupFinished;;
1434724648811.06;SetupFinished;;
1434724648827.79;SetupFinished;;
1434724648843.94;SetupFinished;;
1434724648860.51;SetupFinished;;
1434724648877.21;SetupFinished;;
1434724648893.86;SetupFinished;;
1434724648911.78;SetupFinished;;
1434724648928.61;SetupFinished;;
1434724648945.13;SetupFinished;;
1434724648961.92;SetupFinished;;
1434724648978.49;SetupFinished;;
1434724648995.16;SetupFinished;;
1434724649012;SetupFinished;;
1434724649028.81;SetupFinished;;
1434724649045.47;SetupFinished;;
1434724649062.27;SetupFinished;;
1434724649078.83;SetupFinished;;
1434724649095.08;SetupFinished;;
1434724649111.47;SetupFinished;;
1434724649128.24;SetupFinished;;
1434724649144.9;SetupFinished;;
1434724649161.52;SetupFinished;;
1434724649178.15;SetupFinished;;
1434724649194.81;SetupFinished;;
1434724649211.67;SetupFinished;;
1434724649228.45;SetupFinished;;
1434724649245.06;SetupFinished;;
1434724649261.65;SetupFinished;;
1434724649278.35;SetupFinished;;
1434724649295.58;SetupFinished;;
1434724649312.16;SetupFinished;;
1434724649328.86;SetupFinished;;
1434724649345.52;SetupFinished;;
1434724649362.16;SetupFinished;;
1434724649378.87;SetupFinished;;
1434724649395.85;SetupFinished;;
1434724649412.53;SetupFinished;;
1434724649429.23;SetupFinished;;
1434724649445.82;SetupFinished;;
1434724649462.44;SetupFinished;;
1434724649479.1;SetupFinished;;
1434724649495.76;SetupFinished;;
1434724649512.32;SetupFinished;;
1434724649529.08;objGrabbed;0;stim_left;;
1434724649545.7;objGrabbed;0;stim_left;;
1434724649562.37;objGrabbed;0;stim_left;;
1434724649579.94;objGrabbed;0;stim_left;;
1434724649597.21;objGrabbed;0;stim_left;;
1434724649613.06;objGrabbed;0;stim_left;;
1434724649629.9;objGrabbed;0;stim_left;;
1434724649646.54;objGrabbed;0;stim_left;;
1434724649663.27;objGrabbed;0;stim_left;;
1434724649679.89;objGrabbed;0;stim_left;;
1434724649696.03;objGrabbed;0;stim_left;;
1434724649712.56;objGrabbed;0;stim_left;;
1434724649729.34;objGrabbed;0;stim_left;;
1434724649745.98;objGrabbed;0;stim_left;;
1434724649762.62;objGrabbed;0;stim_left;;
1434724649779.92;objGrabbed;0;stim_left;;
1434724649796.6;objGrabbed;0;stim_left;;
1434724649813.02;objGrabbed;0;stim_left;;
1434724649829.9;objGrabbed;0;stim_left;;
1434724649846.54;objGrabbed;0;stim_left;;
1434724649863.23;objGrabbed;0;stim_left;;
1434724649879.94;objGrabbed;0;stim_left;;
1434724649896.6;objGrabbed;0;stim_left;;
1434724649913.16;objGrabbed;0;stim_left;;
1434724649929.9;objGrabbed;0;stim_left;;
1434724649947.99;objGrabbed;0;stim_left;;
1434724649965.13;objGrabbed;0;stim_left;;
1434724649981.24;objGrabbed;0;stim_left;;
1434724649997.98;objGrabbed;0;stim_left;;
1434724650014.58;objGrabbed;0;stim_left;;
1434724650030.84;objGrabbed;0;stim_left;;
1434724650047.87;objGrabbed;0;stim_left;;
1434724650063.96;objGrabbed;0;stim_left;;
1434724650080.63;objGrabbed;0;stim_left;;
1434724650097.26;objGrabbed;0;stim_left;;
1434724650113.91;objGrabbed;0;stim_left;;
1434724650130.43;objGrabbed;0;stim_left;;
1434724650147.15;objGrabbed;0;stim_left;;
1434724650163.69;objGrabbed;0;stim_left;;
1434724650180.29;objGrabbed;0;stim_left;;
1434724650196.95;objGrabbed;0;stim_left;;
1434724650213.6;objGrabbed;0;stim_left;;
1434724650230;objGrabbed;0;stim_left;;
1434724650246.86;objGrabbed;0;stim_left;;
1434724650263.89;objGrabbed;0;stim_left;;
1434724650280.58;objGrabbed;0;stim_left;;
1434724650297.21;objGrabbed;0;stim_left;;
1434724650313.84;objGrabbed;0;stim_left;;
1434724650330.37;objGrabbed;0;stim_left;;
1434724650347.59;objGrabbed;0;stim_left;;
1434724650364.24;objGrabbed;0;stim_left;;
1434724650380.87;objGrabbed;0;stim_left;;
1434724650397.51;objGrabbed;0;stim_left;;
1434724650414.15;objGrabbed;0;stim_left;;
1434724650430.67;objGrabbed;0;stim_left;;
1434724650448.04;objGrabbed;0;stim_left;;
1434724650464.76;objGrabbed;0;stim_left;;
1434724650481.36;objGrabbed;0;stim_left;;
1434724650498.03;objGrabbed;0;stim_left;;
1434724650514.65;objGrabbed;0;stim_left;;
1434724650531.22;objGrabbed;0;stim_left;;
1434724650547.91;LeftGrabbed;;
1434724650564.61;LeftGrabbed;;
1434724650581.24;LeftGrabbed;;
1434724650597.89;LeftGrabbed;;
1434724650614.49;LeftGrabbed;;
1434724650648.05;LeftGrabbed;;
1434724650664.7;LeftGrabbed;;
1434724650681.3;LeftGrabbed;;
1434724650697.99;LeftGrabbed;;
1434724650714.63;LeftGrabbed;;
1434724650731.18;LeftGrabbed;;
1434724650747.48;LeftGrabbed;;
1434724650764.05;LeftGrabbed;;
1434724650780.73;LeftGrabbed;;
1434724650797.38;LeftGrabbed;;
1434724650814.04;LeftGrabbed;;
1434724650831.8;LeftGrabbed;;
1434724650848.53;LeftGrabbed;;
1434724650865.18;LeftGrabbed;;
1434724650881.88;LeftGrabbed;;
1434724650898.52;LeftGrabbed;;
1434724650914.87;LeftGrabbed;;
1434724650931.98;LeftGrabbed;;
1434724650948.74;LeftGrabbed;;
1434724650965.4;LeftGrabbed;;
1434724650982.06;LeftGrabbed;;
1434724650998.76;LeftGrabbed;;
1434724651015.62;LeftGrabbed;;
1434724651032.17;LeftGrabbed;;
1434724651049.02;LeftGrabbed;;
1434724651065.37;LeftGrabbed;;
1434724651082.2;LeftGrabbed;;
1434724651098.83;LeftGrabbed;;
1434724651115.86;LeftGrabbed;;
1434724651132.45;LeftGrabbed;;
1434724651149.16;LeftGrabbed;;
1434724651165.91;LeftGrabbed;;
1434724651182.47;LeftGrabbed;;
1434724651199.11;LeftGrabbed;;
1434724651215.63;LeftGrabbed;;
1434724651232.2;LeftGrabbed;;
1434724651248.87;LeftGrabbed;;
1434724651265.55;LeftGrabbed;;
1434724651282.2;LeftGrabbed;;
1434724651298.85;LeftGrabbed;;
1434724651315.88;LeftGrabbed;;
1434724651332.43;LeftGrabbed;;
1434724651349.19;LeftGrabbed;;
1434724651365.86;LeftGrabbed;;
1434724651382.24;LeftGrabbed;;
1434724651399.91;LeftGrabbed;;
1434724651416.56;LeftGrabbed;;
1434724651433.08;LeftGrabbed;;
1434724651449.93;LeftGrabbed;;
1434724651466.59;LeftGrabbed;;
1434724651483.12;LeftGrabbed;;
1434724651499.97;LeftGrabbed;;
1434724651516.64;LeftGrabbed;;
1434724651533.08;LeftGrabbed;;
1434724651550.01;LeftGrabbed;;
1434724651566.32;LeftGrabbed;;
1434724651583.24;LeftGrabbed;;
1434724651599.85;LeftGrabbed;;
1434724651616.5;LeftGrabbed;;
1434724651633.05;LeftGrabbed;;
1434724651649.8;LeftGrabbed;;
1434724651667.96;LeftGrabbed;;
1434724651685.1;LeftGrabbed;;
1434724651701.16;LeftGrabbed;;
1434724651717.82;LeftGrabbed;;
1434724651747.65;LeftGrabbed;;
1434724651764.32;LeftGrabbed;;
1434724651783.98;LeftGrabbed;;
1434724651800.69;LeftGrabbed;;
1434724651817.29;LeftGrabbed;;
1434724651833.94;LeftGrabbed;;
1434724651850.49;LeftGrabbed;;
1434724651867.23;LeftGrabbed;;
1434724651884.08;LeftGrabbed;;
1434724651900.83;LeftGrabbed;;
1434724651917.41;LeftGrabbed;;
1434724651934.08;LeftGrabbed;;
1434724651950.61;LeftGrabbed;;
1434724651967.36;LeftGrabbed;;
1434724651983.83;LeftGrabbed;;
1434724652000.44;LeftGrabbed;;
1434724652017.14;LeftGrabbed;;
1434724652033.79;LeftGrabbed;;
1434724652050.34;LeftGrabbed;;
1434724652067.73;LeftGrabbed;;
1434724652084.34;LeftGrabbed;;
1434724652100.98;LeftGrabbed;;
1434724652117.62;LeftGrabbed;;
1434724652134.27;LeftGrabbed;;
1434724652150.8;LeftGrabbed;;
1434724652167.55;LeftGrabbed;;
1434724652183.89;LeftGrabbed;;
1434724652200.51;LeftGrabbed;;
1434724652217.21;LeftGrabbed;;
1434724652233.84;LeftGrabbed;;
1434724655312.21;LeftGrabbed;;
1434724655365.8;LeftGrabbed;;
1434724655391.59;LeftGrabbed;;
1434724655408.27;LeftGrabbed;;
1434724655424.86;LeftGrabbed;;
1434724655441.38;LeftGrabbed;;
1434724655460.04;LeftGrabbed;;
1434724655476.55;LeftGrabbed;;
1434724655493.36;LeftGrabbed;;
1434724655510;LeftGrabbed;;
1434724655526.63;LeftGrabbed;;
1434724655543.64;LeftGrabbed;;
1434724655560.37;LeftGrabbed;;
1434724655576.81;LeftGrabbed;;
1434724655593.56;LeftGrabbed;;
1434724655635.93;LeftGrabbed;;
1434724655655.7;LeftGrabbed;;
1434724655672.34;LeftGrabbed;;
1434724655691.71;LeftGrabbed;;
1434724655708.36;LeftGrabbed;;
1434724655725.05;LeftGrabbed;;
1434724655741.64;LeftGrabbed;;
1434724655758.29;LeftGrabbed;;
1434724655774.82;LeftGrabbed;;
1434724655791.86;LeftGrabbed;;
1434724655808.56;LeftGrabbed;;
1434724655825.15;LeftGrabbed;;
1434724655841.78;LeftGrabbed;;
1434724655858.4;LeftGrabbed;;
1434724655874.95;LeftGrabbed;;
1434724655891.88;LeftGrabbed;;
1434724655908.64;LeftGrabbed;;
1434724655925.29;LeftGrabbed;;
1434724655941.83;LeftGrabbed;;
1434724655958.42;LeftGrabbed;;
1434724655975.02;LeftGrabbed;;
1434724655991.9;LeftGrabbed;;
1434724656008.53;LeftGrabbed;;
1434724656025.21;LeftGrabbed;;
1434724656041.83;LeftGrabbed;;
1434724656058.45;LeftGrabbed;;
1434724656075.52;LeftGrabbed;;
1434724656092.28;LeftGrabbed;;
1434724656108.89;LeftGrabbed;;
1434724656125.58;LeftGrabbed;;
1434724656142.21;LeftGrabbed;;
1434724656158.86;LeftGrabbed;;
1434724656175.68;LeftGrabbed;;
1434724656192.44;LeftGrabbed;;
1434724656209.09;LeftGrabbed;;
1434724656225.74;LeftGrabbed;;
1434724656242.57;LeftGrabbed;;
1434724656260.01;LeftGrabbed;;
1434724656276.54;LeftGrabbed;;
1434724656293.35;LeftGrabbed;;
1434724656309.86;LeftGrabbed;;
1434724656326.64;LeftGrabbed;;
1434724656343.27;LeftGrabbed;;
1434724656359.92;LeftGrabbed;;
1434724656376.3;LeftGrabbed;;
1434724656392.66;LeftGrabbed;;
1434724656409.31;LeftGrabbed;;
1434724656425.95;LeftGrabbed;;
1434724656442.61;LeftGrabbed;;
1434724656459.29;LeftGrabbed;;
1434724656475.5;LeftGrabbed;;
1434724656492.31;LeftGrabbed;;
1434724656508.9;LeftGrabbed;;
1434724656525.53;LeftGrabbed;;
1434724656542.1;LeftGrabbed;;
1434724656558.81;LeftGrabbed;;
1434724656576.25;LeftGrabbed;;
1434724656593.1;LeftGrabbed;;
1434724656609.71;LeftGrabbed;;
1434724656626.14;LeftGrabbed;;
1434724656643.08;LeftGrabbed;;
1434724656659.63;LeftGrabbed;;
1434724656676.18;LeftGrabbed;;
1434724656692.94;LeftGrabbed;;
1434724656709.56;LeftGrabbed;;
1434724656726.2;LeftGrabbed;;
1434724656742.81;LeftGrabbed;;
1434724656759.57;LeftGrabbed;;
1434724656775.72;LeftGrabbed;;
1434724656792.48;LeftGrabbed;;
1434724656809.18;LeftGrabbed;;
1434724656825.79;LeftGrabbed;;
1434724656843.8;LeftGrabbed;;
1434724656860.48;LeftGrabbed;;
1434724656876.97;LeftGrabbed;;
1434724656893.76;LeftGrabbed;;
1434724656910.37;LeftGrabbed;;
1434724656927.03;LeftGrabbed;;
1434724656943.66;LeftGrabbed;;
1434724656959.87;LeftGrabbed;;
1434724656976.43;LeftGrabbed;;
1434724656993.14;LeftGrabbed;;
1434724657009.84;LeftGrabbed;;
1434724657026.49;LeftGrabbed;;
1434724657044.04;LeftGrabbed;;
1434724657060.8;LeftGrabbed;;
1434724657077.35;LeftGrabbed;;
1434724657094.02;LeftGrabbed;;
1434724657140;LeftGrabbed;;
1434724657159.82;LeftGrabbed;;
1434724657176.4;LeftGrabbed;;
1434724657196.22;LeftGrabbed;;
1434724657213.43;LeftGrabbed;;
1434724657229.5;LeftGrabbed;;
1434724657246.16;LeftGrabbed;;
1434724657262.81;LeftGrabbed;;
1434724657279.48;LeftGrabbed;;
1434724657296.06;LeftGrabbed;;
1434724657312.35;LeftGrabbed;;
1434724657329.4;LeftGrabbed;;
1434724657345.53;LeftGrabbed;;
1434724657362.1;LeftGrabbed;;
1434724657378.79;LeftGrabbed;;
1434724657395.31;LeftGrabbed;;
1434724657412.08;LeftGrabbed;;
1434724657428.2;LeftGrabbed;;
1434724657444.8;LeftGrabbed;;
1434724657461.56;LeftGrabbed;;
1434724657479.76;LeftGrabbed;;
1434724657496.71;LeftGrabbed;;
1434724657512.95;LeftGrabbed;;
1434724657529.63;LeftGrabbed;;
1434724657546.25;LeftGrabbed;;
1434724657562.88;LeftGrabbed;;
1434724657579.69;LeftGrabbed;;
1434724657596.04;LeftGrabbed;;
1434724657612.29;LeftGrabbed;;
1434724657628.95;LeftGrabbed;;
1434724657645.51;LeftGrabbed;;
1434724657662.22;LeftGrabbed;;
1434724657678.77;LeftGrabbed;;
1434724657695.33;LeftGrabbed;;
1434724657712.2;LeftGrabbed;;
1434724657728.83;LeftGrabbed;;
1434724657745.46;LeftGrabbed;;
1434724657762.03;LeftGrabbed;;
1434724657778.73;LeftGrabbed;;
1434724657796.67;LeftGrabbed;;
1434724657813.5;LeftGrabbed;;
1434724657830.02;LeftGrabbed;;
1434724657846.74;LeftGrabbed;;
1434724657863.37;LeftGrabbed;;
1434724657880.01;LeftGrabbed;;
1434724657916.45;2;typeC;boy;2;1;;
1434724657933.65;2;typeC;boy;2;1;;
1434724657950.07;2;typeC;boy;2;1;;
1434724657966.88;2;typeC;boy;2;1;;
1434724657983.53;2;typeC;boy;2;1;;
1434724658000.13;2;typeC;boy;2;1;;
1434724658028.74;2;typeC;boy;2;1;;
1434724658076.74;2;typeC;boy;2;1;;
1434724658096.77;2;typeC;boy;2;1;;
1434724658113.42;2;typeC;boy;2;1;;
1434724658130.08;2;typeC;boy;2;1;;
1434724658146.72;2;typeC;boy;2;1;;
1434724658163.37;2;typeC;boy;2;1;;
1434724658180.01;2;typeC;boy;2;1;;
1434724658196.54;2;typeC;boy;2;1;;
1434724658212.85;2;typeC;boy;2;1;;
1434724658229.4;2;typeC;boy;2;1;;
1434724658246.05;2;typeC;boy;2;1;;
1434724658262.71;2;typeC;boy;2;1;;
1434724658280.91;2;typeC;boy;2;1;;
1434724658297.45;2;typeC;boy;2;1;;
1434724658314.24;2;typeC;boy;2;1;;
1434724658330.88;2;typeC;boy;2;1;;
1434724658347.55;2;typeC;boy;2;1;;
1434724658363.99;2;typeC;boy;2;1;;
1434724658380.73;2;typeC;boy;2;1;;
1434724658397.29;2;typeC;boy;2;1;;
1434724658414.03;2;typeC;boy;2;1;;
1434724658430.69;2;typeC;boy;2;1;;
1434724658447.34;2;typeC;boy;2;1;;
1434724658464.76;2;typeC;boy;2;1;;
1434724658481.48;2;typeC;boy;2;1;;
1434724658497.95;2;typeC;boy;2;1;;
1434724658524.51;2;typeC;boy;2;1;;
1434724658556.5;2;typeC;boy;2;1;;
1434724658573.65;2;typeC;boy;2;1;;
1434724658589.87;2;typeC;boy;2;1;;
1434724658606.98;2;typeC;boy;2;1;;
1434724658623.84;2;typeC;boy;2;1;;
1434724658640.47;2;typeC;boy;2;1;;
1434724658664.96;2;typeC;boy;2;1;;
1434724658681.66;2;typeC;boy;2;1;;
1434724658698.07;2;typeC;boy;2;1;;
1434724658714.73;2;typeC;boy;2;1;;
1434724658731.62;2;typeC;boy;2;1;;
1434724658748.14;2;typeC;boy;2;1;;
1434724658764.67;2;typeC;boy;2;1;;
1434724658781.35;2;typeC;boy;2;1;;
1434724658797.84;2;typeC;boy;2;1;;
1434724658814.61;2;typeC;boy;2;1;;
1434724658831.27;2;typeC;boy;2;1;;
1434724658847.67;2;typeC;boy;2;1;;
1434724658864.81;2;typeC;boy;2;1;;
1434724658881.44;2;typeC;boy;2;1;;
1434724658897.9;2;typeC;boy;2;1;;
1434724658914.77;2;typeC;boy;2;1;;
1434724658931.41;2;typeC;boy;2;1;;
1434724658948.01;2;typeC;boy;2;1;;
1434724658964.73;2;typeC;boy;2;1;;
1434724658981.37;2;typeC;boy;2;1;;
1434724658997.96;2;typeC;boy;2;1;;
1434724659014.63;2;typeC;boy;2;1;;
1434724659031.44;2;typeC;boy;2;1;;
1434724659048.75;2;typeC;boy;2;1;;
1434724659065.43;2;typeC;boy;2;1;;
1434724659082.01;2;typeC;boy;2;1;;
1434724659098.71;2;typeC;boy;2;1;;
1434724659115.25;2;typeC;boy;2;1;;
1434724659132.81;2;typeC;boy;2;1;;
1434724659149.42;2;typeC;boy;2;1;;
1434724659166.09;2;typeC;boy;2;1;;
1434724659182.72;2;typeC;boy;2;1;;
1434724659199.36;2;typeC;boy;2;1;;
1434724659215.9;2;typeC;boy;2;1;;
1434724659232.2;2;typeC;boy;2;1;;
1434724659248.79;2;typeC;boy;2;1;;
1434724659265.41;2;typeC;boy;2;1;;
1434724659282.14;2;typeC;boy;2;1;;
1434724659298.61;2;typeC;boy;2;1;;
1434724659315.22;2;typeC;boy;2;1;;
1434724659332.82;2;typeC;boy;2;1;;
1434724659349.55;2;typeC;boy;2;1;;
1434724659366.14;2;typeC;boy;2;1;;
1434724659382.81;2;typeC;boy;2;1;;
1434724659399.42;2;typeC;boy;2;1;;
1434724659415.86;2;typeC;boy;2;1;;
1434724659432.78;2;typeC;boy;2;1;;
1434724659448.88;2;typeC;boy;2;1;;
1434724659465.53;2;typeC;boy;2;1;;
1434724659482.11;2;typeC;boy;2;1;;
1434724659498.75;2;typeC;boy;2;1;;
1434724659515.27;2;typeC;boy;2;1;;
1434724659532.88;2;typeC;boy;2;1;;
1434724659549.48;2;typeC;boy;2;1;;
1434724659566.11;2;typeC;boy;2;1;;
1434724659582.57;2;typeC;boy;2;1;;
1434724659600.63;2;typeC;boy;2;1;;
1434724659617.16;2;typeC;boy;2;1;;
1434724659633.85;2;typeC;boy;2;1;;
1434724659650.51;2;typeC;boy;2;1;;
1434724659667.14;2;typeC;boy;2;1;;
1434724659683.81;2;typeC;boy;2;1;;
1434724659700.43;2;typeC;boy;2;1;;
1434724659716.88;2;typeC;boy;2;1;;
1434724659733.72;2;typeC;boy;2;1;;
1434724659750.3;2;typeC;boy;2;1;;
1434724659766.81;2;typeC;boy;2;1;;
1434724659783.6;2;typeC;boy;2;1;;
1434724659800.76;2;typeC;boy;2;1;;
1434724659817.96;2;typeC;boy;2;1;;
1434724659834.05;2;typeC;boy;2;1;;
1434724659850.72;2;typeC;boy;2;1;;
1434724659867.36;2;typeC;boy;2;1;;
1434724659883.99;2;typeC;boy;2;1;;
1434724659900.64;2;typeC;boy;2;1;;
1434724659916.68;2;typeC;boy;2;1;;
1434724659933.39;2;typeC;boy;2;1;;
1434724659950.05;2;typeC;boy;2;1;;
1434724659966.67;2;typeC;boy;2;1;;
1434724659983.35;2;typeC;boy;2;1;;
1434724660000.66;2;typeC;boy;2;1;;
1434724660017.19;2;typeC;boy;2;1;;
1434724660033.88;2;typeC;boy;2;1;;
1434724660050.52;2;typeC;boy;2;1;;
1434724660066.95;2;typeC;boy;2;1;;
1434724660083.92;2;typeC;boy;2;1;;
1434724660100.47;2;typeC;boy;2;1;;
1434724660117.04;2;typeC;boy;2;1;;
1434724660133.77;2;typeC;boy;2;1;;
1434724660150.5;2;typeC;boy;2;1;;
1434724660167.05;2;typeC;boy;2;1;;
1434724660183.71;2;typeC;boy;2;1;;
1434724660200.31;2;typeC;boy;2;1;;
1434724660216.6;2;typeC;boy;2;1;;
1434724660233.35;2;typeC;boy;2;1;;
1434724660249.99;2;typeC;boy;2;1;;
1434724660266.64;2;typeC;boy;2;1;;
1434724660284.46;2;typeC;boy;2;1;;
1434724660301.12;2;typeC;boy;2;1;;
1434724660317.64;2;typeC;boy;2;1;;
1434724660334.39;2;typeC;boy;2;1;;
1434724660351;2;typeC;boy;2;1;;
1434724660367.68;2;typeC;boy;2;1;;
1434724660384.8;2;typeC;boy;2;1;;
1434724660401.44;2;typeC;boy;2;1;;
1434724660417.98;2;typeC;boy;2;1;;
1434724660434.73;2;typeC;boy;2;1;;
1434724660451.4;2;typeC;boy;2;1;;
1434724660467.97;2;typeC;boy;2;1;;
1434724660484.46;2;typeC;boy;2;1;;
1434724660501.16;2;typeC;boy;2;1;;
1434724660517.63;2;typeC;boy;2;1;;
1434724660534.4;2;typeC;boy;2;1;;
1434724660552.88;2;typeC;boy;2;1;;
1434724660570.13;2;typeC;boy;2;1;;
1434724660586.16;2;typeC;boy;2;1;;
1434724660602.79;2;typeC;boy;2;1;;
1434724660619.64;2;typeC;boy;2;1;;
1434724660635.85;2;typeC;boy;2;1;;
1434724660652.71;2;typeC;boy;2;1;;
1434724660668.94;2;typeC;boy;2;1;;
1434724660685.62;2;typeC;boy;2;1;;
1434724660702.26;2;typeC;boy;2;1;;
1434724660718.93;2;typeC;boy;2;1;;
1434724660735.46;2;typeC;boy;2;1;;
1434724660752.22;2;typeC;boy;2;1;;
1434724660768.99;2;typeC;boy;2;1;;
1434724660785.69;2;typeC;boy;2;1;;
1434724660802.32;2;typeC;boy;2;1;;
1434724660818.89;2;typeC;boy;2;1;;
1434724660835.36;2;typeC;boy;2;1;;
1434724660852.78;2;typeC;boy;2;1;;
1434724660869.44;2;typeC;boy;2;1;;
1434724660886.08;2;typeC;boy;2;1;;
1434724660902.73;2;typeC;boy;2;1;;
1434724660919.38;2;typeC;boy;2;1;;
1434724660935.93;2;typeC;boy;2;1;;
1434724660952.66;2;typeC;boy;2;1;;
1434724660968.79;2;typeC;boy;2;1;;
1434724660985.43;2;typeC;boy;2;1;;
1434724661002.01;2;typeC;boy;2;1;;
1434724661018.57;2;typeC;boy;2;1;;
1434724661035.23;2;typeC;boy;2;1;;
1434724661052.87;2;typeC;boy;2;1;;
1434724661069.53;2;typeC;boy;2;1;;
1434724661086.17;2;typeC;boy;2;1;;
1434724661102.84;2;typeC;boy;2;1;;
1434724661119.46;2;typeC;boy;2;1;;
1434724661136;2;typeC;boy;2;1;;
1434724661153.07;2;typeC;boy;2;1;;
1434724661169.78;2;typeC;boy;2;1;;
1434724661186.43;2;typeC;boy;2;1;;
1434724661203.08;2;typeC;boy;2;1;;
1434724661219.76;2;typeC;boy;2;1;;
1434724661236.77;2;typeC;boy;2;1;;
1434724661253.53;2;typeC;boy;2;1;;
1434724661270.18;2;typeC;boy;2;1;;
1434724661286.84;2;typeC;boy;2;1;;
1434724661303.47;2;typeC;boy;2;1;;
1434724661320.07;2;typeC;boy;2;1;;
1434724661336.68;2;typeC;boy;2;1;;
1434724661352.91;2;typeC;boy;2;1;;
1434724661369.53;2;typeC;boy;2;1;;
1434724661386.16;2;typeC;boy;2;1;;
1434724661402.79;2;typeC;boy;2;1;;
1434724661419.45;2;typeC;boy;2;1;;
1434724661436.61;2;typeC;boy;2;1;;
1434724661453.4;2;typeC;boy;2;1;;
1434724661469.98;2;typeC;boy;2;1;;
1434724661486.65;2;typeC;boy;2;1;;
1434724661503.31;2;typeC;boy;2;1;;
1434724661519.95;2;typeC;boy;2;1;;
1434724661536.59;2;typeC;boy;2;1;;
1434724661553.34;2;typeC;boy;2;1;;
1434724661569.96;2;typeC;boy;2;1;;
1434724661588.92;2;typeC;boy;2;1;;
1434724661606.1;2;typeC;boy;2;1;;
1434724661622.22;2;typeC;boy;2;1;;
1434724661638.9;2;typeC;boy;2;1;;
1434724661655.39;2;typeC;boy;2;1;;
1434724661672.15;2;typeC;boy;2;1;;
1434724661688.82;2;typeC;boy;2;1;;
1434724661704.94;2;typeC;boy;2;1;;
1434724661722.08;2;typeC;boy;2;1;;
1434724661738.18;2;typeC;boy;2;1;;
1434724661754.72;2;typeC;boy;2;1;;
1434724661771.5;2;typeC;boy;2;1;;
1434724661788.1;2;typeC;boy;2;1;;
1434724661804.77;2;typeC;boy;2;1;;
1434724661820.9;2;typeC;boy;2;1;;
1434724661837.39;2;typeC;boy;2;1;;
1434724661854.15;2;typeC;boy;2;1;;
1434724661870.8;2;typeC;boy;2;1;;
1434724661887.33;2;typeC;boy;2;1;;
1434724661904.1;2;typeC;boy;2;1;;
1434724661920.81;2;typeC;boy;2;1;;
1434724661937.29;2;typeC;boy;2;1;;
1434724661954.09;2;typeC;boy;2;1;;
1434724661970.73;2;typeC;boy;2;1;;
1434724661988.75;2;typeC;boy;2;1;;
1434724662005.42;2;typeC;boy;2;1;;
1434724662021.99;2;typeC;boy;2;1;;
1434724662038.64;2;typeC;boy;2;1;;
1434724662055.19;2;typeC;boy;2;1;;
1434724662071.93;2;typeC;boy;2;1;;
1434724662088.6;2;typeC;boy;2;1;;
1434724662104.96;2;typeC;boy;2;1;;
1434724662121.65;2;typeC;boy;2;1;;
1434724662138.3;2;typeC;boy;2;1;;
1434724662154.85;2;typeC;boy;2;1;;
1434724662176.75;2;typeC;boy;2;1;;
1434724662193.74;2;typeC;boy;2;1;;
1434724662211.12;2;typeC;boy;2;1;;
1434724662226.74;2;typeC;boy;2;1;;
1434724662243.58;2;typeC;boy;2;1;;
1434724662259.81;2;typeC;boy;2;1;;
1434724662276.3;2;typeC;boy;2;1;;
1434724662293.16;2;typeC;boy;2;1;;
1434724662309.82;2;typeC;boy;2;1;;
1434724662326.22;2;typeC;boy;2;1;;
1434724662343.03;2;typeC;boy;2;1;;
1434724662359.72;2;typeC;boy;2;1;;
1434724662375.55;2;typeC;boy;2;1;;
1434724662392.42;2;typeC;boy;2;1;;
1434724662409.15;2;typeC;boy;2;1;;
1434724662436.99;2;typeC;boy;2;1;;
1434724662453.65;2;typeC;boy;2;1;;
1434724662470.31;2;typeC;boy;2;1;;
1434724662488.79;2;typeC;boy;2;1;;
1434724662505.45;2;typeC;boy;2;1;;
1434724662522.06;2;typeC;boy;2;1;;
1434724662538.7;2;typeC;boy;2;1;;
1434724662555.29;2;typeC;boy;2;1;;
1434724662571.69;occluderUp;;
1434724662588.93;occluderUp;;
1434724662605.62;occluderUp;;
1434724662622.23;occluderUp;;
1434724662638.9;occluderUp;;
1434724662655.43;occluderUp;;
1434724662672.77;occluderUp;;
1434724662689.46;occluderUp;;
1434724662706.09;occluderUp;;
1434724662722.74;occluderUp;;
1434724662753.11;occluderUp;;
1434724662769.74;occluderUp;;
1434724662788.66;occluderUp;;
1434724662805.29;occluderUp;;
1434724662821.99;occluderUp;;
1434724662838.51;occluderUp;;
1434724662856.78;occluderUp;;
1434724662873.54;occluderUp;;
1434724662890.3;occluderUp;;
1434724662906.83;occluderUp;;
1434724662923.57;occluderUp;;
1434724662940.13;occluderUp;;
1434724662956.73;occluderUp;;
1434724662972.92;occluderUp;;
1434724662989.53;occluderUp;;
1434724663006.15;occluderUp;;
1434724663022.82;occluderUp;;
1434724663039.46;occluderUp;;
1434724663056.9;occluderUp;;
1434724663073.71;occluderUp;;
1434724663090.38;occluderUp;;
1434724663107.01;occluderUp;;
1434724663123.64;occluderUp;;
1434724663140.63;occluderUp;;
1434724663157.16;occluderUp;;
1434724663173.91;occluderUp;;
1434724663190.47;occluderUp;;
1434724663207.19;occluderUp;;
1434724663223.61;occluderUp;;
1434724663240.1;occluderUp;;
1434724663256.63;occluderUp;;
1434724663273.4;occluderUp;;
1434724663290.04;occluderUp;;
1434724663306.7;occluderUp;;
1434724663323.35;occluderUp;;
1434724663340.8;occluderUp;;
1434724663357.37;occluderUp;;
1434724663374.13;occluderUp;;
1434724663390.75;occluderUp;;
1434724663407.41;occluderUp;;
1434724663424.06;occluderUp;;
1434724663440.75;occluderUp;;
1434724663457.34;occluderUp;;
1434724663474.04;occluderUp;;
1434724663490.8;occluderUp;;
1434724663507.36;occluderUp;;
1434724663524.06;occluderUp;;
1434724663540.96;occluderUp;;
1434724663557.49;occluderUp;;
1434724663574.4;occluderUp;;
1434724663591.03;occluderUp;;
1434724663607.39;occluderUp;;
1434724663624.17;occluderUp;;
1434724663640.83;occluderUp;;
1434724663657.41;occluderUp;;
1434724663674.16;occluderUp;;
1434724663690.79;occluderUp;;
1434724663707.42;occluderUp;;
1434724663724.66;occluderUp;;
1434724663741.27;occluderUp;;
1434724663757.83;occluderUp;;
1434724663774.62;occluderUp;;
1434724663791.23;occluderUp;;
1434724663807.86;occluderUp;;
1434724663824.61;occluderUp;;
1434724663840.89;occluderUp;;
1434724663873.12;occluderUp;;
1434724663905.01;occluderUp;;
1434724663936.66;occluderUp;;
1434724663956.59;occluderUp;;
1434724663973.18;occluderUp;;
1434724663989.95;occluderUp;;
1434724664021.27;occluderUp;;
1434724664057.19;occluderUp;;
1434724664088.91;occluderUp;;
1434724664108.67;occluderUp;;
1434724664125.29;occluderUp;;
1434724664141.91;occluderUp;;
1434724664172.93;occluderUp;;
1434724664192.91;occluderUp;;
1434724664357.53;occluderUp;;
1434724664388.82;occluderUp;;
1434724664408.79;occluderUp;;
1434724664440.96;occluderUp;;
1434724664457.42;occluderUp;;
1434724664488.9;occluderUp;;
1434724664773.43;occluderUp;;
1434724664790.19;occluderUp;;
1434724664807.2;occluderUp;;
1434724664823.81;occluderUp;;
1434724664840.06;occluderUp;;
1434724664855.89;occluderUp;;
1434724664873.32;occluderUp;;
1434724664889.27;occluderUp;;
1434724665189.54;occluderUp;;
1434724665206.38;objGrabbed;0;stim_left;;
1434724665223.4;objGrabbed;0;stim_left;;
1434724665238.93;objGrabbed;0;stim_left;;
1434724665256.34;objGrabbed;0;stim_left;;
1434724665558.04;objGrabbed;0;stim_left;;
1434724665575.05;objGrabbed;0;stim_left;;
1434724665590.97;objGrabbed;0;stim_left;;
1434724665608.07;objGrabbed;0;stim_left;;
1434724665624.08;objGrabbed;0;stim_left;;
1434724665640.25;objGrabbed;0;stim_left;;
1434724665657.17;objGrabbed;0;stim_left;;
1434724665674.26;objGrabbed;0;stim_left;;
1434724665690.28;objGrabbed;0;stim_left;;
1434724665707.21;objGrabbed;0;stim_left;;
1434724665873.39;objGrabbed;0;stim_left;;
1434724665892.47;objGrabbed;0;stim_left;;
1434724665909.12;objGrabbed;0;stim_left;;
1434724665925.75;objGrabbed;0;stim_left;;
1434724665944.46;objGrabbed;0;stim_left;;
1434724666061.98;objGrabbed;0;stim_left;;
1434724666078.17;objGrabbed;0;stim_left;;
1434724666094.75;objGrabbed;0;stim_left;;
1434724666111.25;objGrabbed;0;stim_left;;
1434724666128.77;objGrabbed;0;stim_left;;
1434724666145.36;objGrabbed;0;stim_left;;
1434724666162.05;objGrabbed;0;stim_left;;
1434724666178.69;objGrabbed;0;stim_left;;
1434724666195.27;objGrabbed;0;stim_left;;
1434724666212.78;objGrabbed;0;stim_left;;
1434724666229.42;LeftGrabbed;;
1434724666357.62;LeftGrabbed;;
1434724666375.04;LeftGrabbed;;
1434724666393.31;LeftGrabbed;;
1434724666413.35;LeftGrabbed;;
1434724666430.01;LeftGrabbed;;
1434724666446.62;LeftGrabbed;;
1434724666463.23;LeftGrabbed;;
1434724666479.91;LeftGrabbed;;
1434724666517.61;LeftGrabbed;;
1434724666545.35;LeftGrabbed;;
1434724666562.03;LeftGrabbed;;
