#Starting log sesion 01:15:25:043
%Timestamp;streamData
1434885325054.27;;
1434885325056.79;;
1434885325531.35;;
1434885325626.36;;
1434885325643.46;;
1434885325662.35;;
1434885325698.57;;
1434885325734.28;;
1434885325766.25;;
1434885325802.68;;
1434885325838.13;;
1434885325874.67;;
1434885325892.08;;
1434885325908.57;;
1434885325925.3;;
1434885325942.02;;
1434885325957.81;;
1434885325974.2;;
1434885325992.18;;
1434885326007.73;;
1434885326025.64;;
1434885326041.11;;
1434885326058.88;;
1434885326074.31;;
1434885326091.31;;
1434885326106.91;;
1434885326123.59;;
1434885326140.43;;
1434885326157.04;;
1434885326173.6;;
1434885326279.08;;
1434885326295.4;;
1434885326330.94;1;typeB;bearSprite;4;1;;
1434885326338.85;1;typeB;bearSprite;4;1;;
1434885326386.62;1;typeB;bearSprite;4;1;;
1434885326403.23;1;typeB;bearSprite;4;1;;
1434885326419.84;1;typeB;bearSprite;4;1;;
1434885326436.29;1;typeB;bearSprite;4;1;;
1434885326470.74;1;typeB;bearSprite;4;1;;
1434885326487.49;1;typeB;bearSprite;4;1;;
1434885326503.98;1;typeB;bearSprite;4;1;;
1434885326520.66;1;typeB;bearSprite;4;1;;
1434885326537.01;1;typeB;bearSprite;4;1;;
1434885326553.67;1;typeB;bearSprite;4;1;;
1434885326570.46;1;typeB;bearSprite;4;1;;
1434885326587.11;1;typeB;bearSprite;4;1;;
1434885326603.73;1;typeB;bearSprite;4;1;;
1434885326620.4;1;typeB;bearSprite;4;1;;
1434885326636.86;1;typeB;bearSprite;4;1;;
1434885326653.74;1;typeB;bearSprite;4;1;;
1434885326670.54;1;typeB;bearSprite;4;1;;
1434885326687.21;1;typeB;bearSprite;4;1;;
1434885326703.89;1;typeB;bearSprite;4;1;;
1434885326720.4;1;typeB;bearSprite;4;1;;
1434885326756.25;1;typeB;bearSprite;4;1;;
1434885326790.29;1;typeB;bearSprite;4;1;;
1434885326850.74;1;typeB;bearSprite;4;1;;
1434885326882.45;1;typeB;bearSprite;4;1;;
1434885327014.62;1;typeB;bearSprite;4;1;;
1434885327126.58;1;typeB;bearSprite;4;1;;
1434885327154.24;1;typeB;bearSprite;4;1;;
1434885327215.16;1;typeB;bearSprite;4;1;;
1434885327318.63;1;typeB;bearSprite;4;1;;
1434885327398.5;1;typeB;bearSprite;4;1;;
1434885327462.55;1;typeB;bearSprite;4;1;;
1434885327498.25;1;typeB;bearSprite;4;1;;
1434885327534.42;1;typeB;bearSprite;4;1;;
1434885327578.68;1;typeB;bearSprite;4;1;;
1434885327610.65;1;typeB;bearSprite;4;1;;
1434885327670.47;1;typeB;bearSprite;4;1;;
1434885327742.55;1;typeB;bearSprite;4;1;;
1434885327790.52;1;typeB;bearSprite;4;1;;
1434885327818.31;1;typeB;bearSprite;4;1;;
1434885327838.51;1;typeB;bearSprite;4;1;;
1434885327855.06;1;typeB;bearSprite;4;1;;
1434885327871.9;1;typeB;bearSprite;4;1;;
1434885327888.56;1;typeB;bearSprite;4;1;;
1434885327905.12;1;typeB;bearSprite;4;1;;
1434885327922.71;1;typeB;bearSprite;4;1;;
1434885327939.35;1;typeB;bearSprite;4;1;;
1434885327955.99;1;typeB;bearSprite;4;1;;
1434885327972.63;1;typeB;bearSprite;4;1;;
1434885327989.42;1;typeB;bearSprite;4;1;;
1434885328005.86;1;typeB;bearSprite;4;1;;
1434885328022.55;1;typeB;bearSprite;4;1;;
1434885328039.19;1;typeB;bearSprite;4;1;;
1434885328055.62;1;typeB;bearSprite;4;1;;
1434885328072.41;1;typeB;bearSprite;4;1;;
1434885328089.17;1;typeB;bearSprite;4;1;;
1434885328105.7;1;typeB;bearSprite;4;1;;
1434885328122.69;1;typeB;bearSprite;4;1;;
1434885328139.48;1;typeB;bearSprite;4;1;;
1434885328155.77;1;typeB;bearSprite;4;1;;
1434885328172.58;1;typeB;bearSprite;4;1;;
1434885328189.25;1;typeB;bearSprite;4;1;;
1434885328206.73;1;typeB;bearSprite;4;1;;
1434885328223.42;1;typeB;bearSprite;4;1;;
1434885328240.05;1;typeB;bearSprite;4;1;;
1434885328256.34;1;typeB;bearSprite;4;1;;
1434885328273.12;1;typeB;bearSprite;4;1;;
1434885328302.68;1;typeB;bearSprite;4;1;;
1434885328338.64;1;typeB;bearSprite;4;1;;
1434885328427.25;1;typeB;bearSprite;4;1;;
1434885328514.39;1;typeB;bearSprite;4;1;;
1434885328531.78;1;typeB;bearSprite;4;1;;
1434885328548.05;1;typeB;bearSprite;4;1;;
1434885328564.21;1;typeB;bearSprite;4;1;;
1434885328580.79;1;typeB;bearSprite;4;1;;
1434885328597.76;1;typeB;bearSprite;4;1;;
1434885328613.66;1;typeB;bearSprite;4;1;;
1434885328630.4;1;typeB;bearSprite;4;1;;
1434885328647.2;1;typeB;bearSprite;4;1;;
1434885328663.56;1;typeB;bearSprite;4;1;;
1434885328680.65;1;typeB;bearSprite;4;1;;
1434885328696.57;1;typeB;bearSprite;4;1;;
1434885328713.83;1;typeB;bearSprite;4;1;;
1434885328730;1;typeB;bearSprite;4;1;;
1434885328746.74;1;typeB;bearSprite;4;1;;
1434885328763.45;1;typeB;bearSprite;4;1;;
1434885328779.67;1;typeB;bearSprite;4;1;;
1434885328796.49;1;typeB;bearSprite;4;1;;
1434885328813.32;1;typeB;bearSprite;4;1;;
1434885328829.92;1;typeB;bearSprite;4;1;;
1434885328846.68;1;typeB;bearSprite;4;1;;
1434885328863.35;1;typeB;bearSprite;4;1;;
1434885328879.26;1;typeB;bearSprite;4;1;;
1434885328895.69;1;typeB;bearSprite;4;1;;
1434885328912.59;1;typeB;bearSprite;4;1;;
1434885328928.96;1;typeB;bearSprite;4;1;;
1434885328945.81;1;typeB;bearSprite;4;1;;
1434885328962.52;1;typeB;bearSprite;4;1;;
1434885328978.37;1;typeB;bearSprite;4;1;;
1434885328995.18;1;typeB;bearSprite;4;1;;
1434885329011.32;1;typeB;bearSprite;4;1;;
1434885329028.5;1;typeB;bearSprite;4;1;;
1434885329045.27;1;typeB;bearSprite;4;1;;
1434885329061.86;1;typeB;bearSprite;4;1;;
1434885329077.97;1;typeB;bearSprite;4;1;;
1434885329094.06;1;typeB;bearSprite;4;1;;
1434885329110.9;1;typeB;bearSprite;4;1;;
1434885329127.95;1;typeB;bearSprite;4;1;;
1434885329144.54;1;typeB;bearSprite;4;1;;
1434885329160.61;1;typeB;bearSprite;4;1;;
1434885329177.18;1;typeB;bearSprite;4;1;;
1434885329193.93;1;typeB;bearSprite;4;1;;
1434885329210.17;1;typeB;bearSprite;4;1;;
1434885329227.23;1;typeB;bearSprite;4;1;;
1434885329243.34;1;typeB;bearSprite;4;1;;
1434885329259.94;1;typeB;bearSprite;4;1;;
1434885329276.46;1;typeB;bearSprite;4;1;;
1434885329293.24;1;typeB;bearSprite;4;1;;
1434885329309.86;1;typeB;bearSprite;4;1;;
1434885329326.52;1;typeB;bearSprite;4;1;;
1434885329343.23;1;typeB;bearSprite;4;1;;
1434885329359.31;1;typeB;bearSprite;4;1;;
1434885329375.75;1;typeB;bearSprite;4;1;;
1434885329392.56;1;typeB;bearSprite;4;1;;
1434885329409.2;1;typeB;bearSprite;4;1;;
1434885329425.91;1;typeB;bearSprite;4;1;;
1434885329442.49;1;typeB;bearSprite;4;1;;
1434885329458.91;1;typeB;bearSprite;4;1;;
1434885329475.5;1;typeB;bearSprite;4;1;;
1434885329492.15;1;typeB;bearSprite;4;1;;
1434885329508.84;1;typeB;bearSprite;4;1;;
1434885329527.56;1;typeB;bearSprite;4;1;;
1434885329544.31;1;typeB;bearSprite;4;1;;
1434885329560.9;1;typeB;bearSprite;4;1;;
1434885329577.55;1;typeB;bearSprite;4;1;;
1434885329594.12;1;typeB;bearSprite;4;1;;
1434885329610.83;1;typeB;bearSprite;4;1;;
1434885329627.43;1;typeB;bearSprite;4;1;;
1434885329643.88;1;typeB;bearSprite;4;1;;
1434885329660.22;1;typeB;bearSprite;4;1;;
1434885329676.78;1;typeB;bearSprite;4;1;;
1434885329693.48;1;typeB;bearSprite;4;1;;
1434885329710.25;1;typeB;bearSprite;4;1;;
1434885329726.8;1;typeB;bearSprite;4;1;;
1434885329742.92;1;typeB;bearSprite;4;1;;
1434885329759.55;1;typeB;bearSprite;4;1;;
1434885329776.05;1;typeB;bearSprite;4;1;;
1434885329792.88;1;typeB;bearSprite;4;1;;
1434885329809.48;1;typeB;bearSprite;4;1;;
1434885329826.9;1;typeB;bearSprite;4;1;;
1434885329843.59;1;typeB;bearSprite;4;1;;
1434885329860.19;1;typeB;bearSprite;4;1;;
1434885329876.73;1;typeB;bearSprite;4;1;;
1434885329893.51;1;typeB;bearSprite;4;1;;
1434885329910.24;1;typeB;bearSprite;4;1;;
1434885329926.82;1;typeB;bearSprite;4;1;;
1434885329942.96;1;typeB;bearSprite;4;1;;
1434885329959.62;1;typeB;bearSprite;4;1;;
1434885329976.16;1;typeB;bearSprite;4;1;;
1434885329995.3;1;typeB;bearSprite;4;1;;
1434885330011.94;1;typeB;bearSprite;4;1;;
1434885330028.74;1;typeB;bearSprite;4;1;;
1434885330045.33;1;typeB;bearSprite;4;1;;
1434885330061.92;1;typeB;bearSprite;4;1;;
1434885330078.57;1;typeB;bearSprite;4;1;;
1434885330095.14;1;typeB;bearSprite;4;1;;
1434885330111.85;1;typeB;bearSprite;4;1;;
1434885330128.06;1;typeB;bearSprite;4;1;;
1434885330144.62;1;typeB;bearSprite;4;1;;
1434885330161.24;1;typeB;bearSprite;4;1;;
1434885330177.75;1;typeB;bearSprite;4;1;;
1434885330194.42;1;typeB;bearSprite;4;1;;
1434885330210.81;1;typeB;bearSprite;4;1;;
1434885330227.48;1;typeB;bearSprite;4;1;;
1434885330244.11;1;typeB;bearSprite;4;1;;
1434885330260.86;1;typeB;bearSprite;4;1;;
1434885330277.29;1;typeB;bearSprite;4;1;;
1434885330295.24;1;typeB;bearSprite;4;1;;
1434885330311.92;1;typeB;bearSprite;4;1;;
1434885330328.52;1;typeB;bearSprite;4;1;;
1434885330345.21;1;typeB;bearSprite;4;1;;
1434885330361.79;1;typeB;bearSprite;4;1;;
1434885330378.37;1;typeB;bearSprite;4;1;;
1434885330394.85;1;typeB;bearSprite;4;1;;
1434885330411.68;1;typeB;bearSprite;4;1;;
1434885330428.39;1;typeB;bearSprite;4;1;;
1434885330444.96;1;typeB;bearSprite;4;1;;
1434885330461.6;1;typeB;bearSprite;4;1;;
1434885330477.89;1;typeB;bearSprite;4;1;;
1434885330494.82;1;typeB;bearSprite;4;1;;
1434885330511.66;1;typeB;bearSprite;4;1;;
1434885330528.25;1;typeB;bearSprite;4;1;;
1434885330544.79;1;typeB;bearSprite;4;1;;
1434885330563.02;1;typeB;bearSprite;4;1;;
1434885330580.2;1;typeB;bearSprite;4;1;;
1434885330596.17;1;typeB;bearSprite;4;1;;
1434885330612.93;1;typeB;bearSprite;4;1;;
1434885330629.58;1;typeB;bearSprite;4;1;;
1434885330646;1;typeB;bearSprite;4;1;;
1434885330662.87;1;typeB;bearSprite;4;1;;
1434885330679.54;1;typeB;bearSprite;4;1;;
1434885330695.59;1;typeB;bearSprite;4;1;;
1434885330712.25;1;typeB;bearSprite;4;1;;
1434885330728.94;1;typeB;bearSprite;4;1;;
1434885330745.65;1;typeB;bearSprite;4;1;;
1434885330761.84;1;typeB;bearSprite;4;1;;
1434885330779.18;1;typeB;bearSprite;4;1;;
1434885330795.88;1;typeB;bearSprite;4;1;;
1434885330812.58;1;typeB;bearSprite;4;1;;
1434885330829.17;1;typeB;bearSprite;4;1;;
1434885330845.77;1;typeB;bearSprite;4;1;;
1434885330862.46;1;typeB;bearSprite;4;1;;
1434885330878.62;1;typeB;bearSprite;4;1;;
1434885330895.15;1;typeB;bearSprite;4;1;;
1434885330911.86;1;typeB;bearSprite;4;1;;
1434885330928.59;1;typeB;bearSprite;4;1;;
1434885330945.29;1;typeB;bearSprite;4;1;;
1434885330961.77;1;typeB;bearSprite;4;1;;
1434885330978.79;1;typeB;bearSprite;4;1;;
1434885330995.4;1;typeB;bearSprite;4;1;;
1434885331012.1;1;typeB;bearSprite;4;1;;
1434885331028.75;1;typeB;bearSprite;4;1;;
1434885331045.47;1;typeB;bearSprite;4;1;;
1434885331062.08;occluderUp;;
1434885331078.69;occluderUp;;
1434885331095.24;occluderUp;;
1434885331111.94;occluderUp;;
1434885331128.56;occluderUp;;
1434885331145.29;occluderUp;;
1434885331162.98;occluderUp;;
1434885331179.69;occluderUp;;
1434885331196.16;occluderUp;;
1434885331213.03;occluderUp;;
1434885331229.58;occluderUp;;
1434885331246.09;occluderUp;;
1434885331262.92;occluderUp;;
1434885331278.98;occluderUp;;
1434885331295.53;occluderUp;;
1434885331312.27;occluderUp;;
1434885331328.71;occluderUp;;
1434885331345.6;occluderUp;;
1434885331362.89;occluderUp;;
1434885331379.54;occluderUp;;
1434885331396.03;occluderUp;;
1434885331415.92;occluderUp;;
1434885331433.13;occluderUp;;
1434885331449.73;occluderUp;;
1434885331465.89;occluderUp;;
1434885331482.2;occluderUp;;
1434885331499.14;occluderUp;;
1434885331515.72;occluderUp;;
1434885331532.28;occluderUp;;
1434885331548.42;occluderUp;;
1434885331565.22;occluderUp;;
1434885331581.83;occluderUp;;
1434885331598.28;occluderUp;;
1434885331615.07;occluderUp;;
1434885331631.76;occluderUp;;
1434885331647.85;occluderUp;;
1434885331664.5;occluderUp;;
1434885331681.17;occluderUp;;
1434885331697.81;occluderUp;;
1434885331714.36;occluderUp;;
1434885331731.15;occluderUp;;
1434885331747.83;occluderUp;;
1434885331764.46;occluderUp;;
1434885331781.13;occluderUp;;
1434885331797.77;occluderUp;;
1434885331814.3;occluderUp;;
1434885331830.99;occluderUp;;
1434885331847.18;occluderUp;;
1434885331863.81;occluderUp;;
1434885331880.41;occluderUp;;
1434885331896.97;occluderUp;;
1434885331913.66;occluderUp;;
1434885331931.32;occluderUp;;
1434885331948.08;occluderUp;;
1434885331964.66;occluderUp;;
1434885331981.33;occluderUp;;
1434885331997.92;occluderUp;;
1434885332014.46;occluderUp;;
1434885332031;occluderUp;;
1434885332047.65;occluderUp;;
1434885332064.3;occluderUp;;
1434885332080.94;occluderUp;;
1434885332097.22;occluderUp;;
1434885332114.95;occluderUp;;
1434885332131.64;occluderUp;;
1434885332148.28;occluderUp;;
1434885332164.87;occluderUp;;
1434885332181.54;occluderUp;;
1434885332198.21;occluderUp;;
1434885332215.19;occluderUp;;
1434885332232.01;occluderUp;;
1434885332248.68;occluderUp;;
1434885332265.08;occluderUp;;
1434885332281.94;occluderUp;;
1434885332298.59;occluderUp;;
1434885332314.83;occluderUp;;
1434885332331.65;occluderUp;;
1434885332348.23;occluderUp;;
1434885332364.94;occluderUp;;
1434885332381.51;occluderUp;;
1434885332399.06;occluderUp;;
1434885332415.65;occluderUp;;
1434885332432.37;occluderUp;;
1434885332449.11;occluderUp;;
1434885332465.74;occluderUp;;
1434885332481.93;occluderUp;;
1434885332499.01;occluderUp;;
1434885332515.63;occluderUp;;
1434885332532.3;occluderUp;;
1434885332548.97;occluderUp;;
1434885332565.69;occluderUp;;
1434885332582.25;occluderUp;;
1434885332599.23;occluderUp;;
1434885332615.83;occluderUp;;
1434885332632.54;occluderUp;;
1434885332648.98;occluderUp;;
1434885332667.01;occluderUp;;
1434885332684;occluderUp;;
1434885332700.14;occluderUp;;
1434885332716.76;occluderUp;;
1434885332733.47;occluderUp;;
1434885332749.79;occluderUp;;
1434885332766.74;occluderUp;;
1434885332783.39;occluderUp;;
1434885332799.59;occluderUp;;
1434885332816.04;occluderUp;;
1434885332832.78;occluderUp;;
1434885332854.01;occluderUp;;
1434885332870.92;occluderUp;;
1434885332887.23;occluderUp;;
1434885332904.27;occluderUp;;
1434885332920.98;occluderUp;;
1434885332937.58;occluderUp;;
1434885332954.14;occluderUp;;
1434885332970.42;occluderUp;;
1434885332987.53;occluderUp;;
1434885333003.69;occluderUp;;
1434885333020.31;occluderUp;;
1434885333036.82;occluderUp;;
1434885333053.73;occluderUp;;
1434885333069.67;occluderUp;;
1434885333086.17;occluderUp;;
1434885333102.97;occluderUp;;
1434885333119.57;occluderUp;;
1434885333136.04;occluderUp;;
1434885333153.04;occluderUp;;
1434885333169.1;occluderUp;;
1434885333185.73;occluderUp;;
1434885333202.27;occluderUp;;
1434885333218.71;occluderUp;;
1434885333235.5;occluderUp;;
1434885333252.19;occluderUp;;
1434885333268.36;occluderUp;;
1434885333284.93;occluderUp;;
1434885333301.6;occluderUp;;
1434885333318.24;occluderUp;;
1434885333334.77;occluderUp;;
1434885333351.52;occluderUp;;
1434885333367.69;occluderUp;;
1434885333384.31;occluderUp;;
1434885333400.93;occluderUp;;
1434885333417.56;occluderUp;;
1434885333434.09;occluderUp;;
1434885333451.14;occluderUp;;
1434885333467.85;occluderUp;;
1434885333484.43;occluderUp;;
1434885333501.12;occluderUp;;
1434885333517.78;occluderUp;;
1434885333534.29;occluderUp;;
1434885333551.05;occluderUp;;
1434885333567.21;objGrabbed;0;stim_left;;
1434885333583.77;objGrabbed;0;stim_left;;
1434885333600.48;objGrabbed;0;stim_left;;
1434885333616.97;objGrabbed;0;stim_left;;
1434885333635.15;objGrabbed;0;stim_left;;
1434885333651.82;objGrabbed;0;stim_left;;
1434885333668.47;objGrabbed;0;stim_left;;
1434885333685.08;objGrabbed;0;stim_left;;
1434885333701.53;objGrabbed;0;stim_left;;
1434885333718.52;objGrabbed;0;stim_left;;
1434885333734.92;objGrabbed;0;stim_left;;
1434885333751.33;objGrabbed;0;stim_left;;
1434885333767.99;objGrabbed;0;stim_left;;
1434885333784.61;objGrabbed;0;stim_left;;
1434885333801.27;objGrabbed;0;stim_left;;
1434885333817.91;objGrabbed;0;stim_left;;
1434885333834.48;objGrabbed;0;stim_left;;
1434885333851.01;objGrabbed;0;stim_left;;
1434885333867.66;objGrabbed;0;stim_left;;
1434885333884.3;objGrabbed;0;stim_left;;
1434885333900.98;objGrabbed;0;stim_left;;
1434885333917.6;objGrabbed;0;stim_left;;
1434885333935.12;objGrabbed;0;stim_left;;
1434885333951.87;objGrabbed;0;stim_left;;
1434885333968.56;objGrabbed;0;stim_left;;
1434885333985.31;objGrabbed;0;stim_left;;
1434885334001.79;objGrabbed;0;stim_left;;
1434885334018.41;objGrabbed;0;stim_left;;
1434885334034.99;objGrabbed;0;stim_left;;
1434885334051.74;objGrabbed;0;stim_left;;
1434885334068.36;objGrabbed;0;stim_left;;
1434885334085.04;objGrabbed;0;stim_left;;
1434885334103.71;objGrabbed;0;stim_left;;
1434885334120.99;objGrabbed;0;stim_left;;
1434885334136.89;objGrabbed;0;stim_left;;
1434885334153.72;objGrabbed;0;stim_left;;
1434885334170.32;objGrabbed;0;stim_left;;
1434885334186.96;objGrabbed;0;stim_left;;
1434885334203.71;objGrabbed;0;stim_left;;
1434885334220.06;objGrabbed;0;stim_left;;
1434885334236.24;objGrabbed;0;stim_left;;
1434885334252.94;objGrabbed;0;stim_left;;
1434885334269.61;objGrabbed;0;stim_left;;
1434885334286.08;objGrabbed;0;stim_left;;
1434885334302.91;objGrabbed;0;stim_left;;
1434885334319.26;objGrabbed;0;stim_left;;
1434885334335.84;objGrabbed;0;stim_left;;
1434885334352.55;objGrabbed;0;stim_left;;
1434885334369.32;objGrabbed;0;stim_left;;
1434885334385.94;objGrabbed;0;stim_left;;
1434885334402.42;objGrabbed;0;stim_left;;
1434885334419.36;objGrabbed;0;stim_left;;
1434885334435.99;objGrabbed;0;stim_left;;
1434885334452.69;objGrabbed;0;stim_left;;
1434885334469.34;objGrabbed;0;stim_left;;
1434885334486.04;objGrabbed;0;stim_left;;
1434885334502.58;objGrabbed;0;stim_left;;
1434885334519.43;objGrabbed;0;stim_left;;
1434885334535.98;objGrabbed;0;stim_left;;
1434885334552.72;objGrabbed;0;stim_left;;
1434885334569.39;objGrabbed;0;stim_left;;
1434885334585.99;LeftGrabbed;;
1434885334619.3;LeftGrabbed;;
1434885334635.8;LeftGrabbed;;
1434885334652.52;LeftGrabbed;;
1434885334669.19;LeftGrabbed;;
1434885334685.88;LeftGrabbed;;
1434885334702.48;LeftGrabbed;;
1434885334719.09;LeftGrabbed;;
1434885334735.7;LeftGrabbed;;
1434885334752.45;LeftGrabbed;;
1434885334768.92;LeftGrabbed;;
1434885334785.68;LeftGrabbed;;
1434885334803.61;LeftGrabbed;;
1434885334820.17;LeftGrabbed;;
1434885334836.77;LeftGrabbed;;
1434885334853.3;LeftGrabbed;;
1434885334870.12;LeftGrabbed;;
1434885334886.48;LeftGrabbed;;
1434885334903.75;LeftGrabbed;;
1434885334923;LeftGrabbed;;
1434885334940.09;LeftGrabbed;;
1434885334956.3;LeftGrabbed;;
1434885334973.41;LeftGrabbed;;
1434885334989.54;LeftGrabbed;;
1434885335006.21;LeftGrabbed;;
1434885335022.8;LeftGrabbed;;
1434885335039.11;LeftGrabbed;;
1434885335056;LeftGrabbed;;
1434885335072.6;LeftGrabbed;;
1434885335089.4;LeftGrabbed;;
1434885335105.58;LeftGrabbed;;
1434885335122.09;LeftGrabbed;;
1434885335138.76;LeftGrabbed;;
1434885335155.38;LeftGrabbed;;
1434885335171.55;LeftGrabbed;;
1434885335188.17;LeftGrabbed;;
1434885335204.79;LeftGrabbed;;
1434885335221.43;LeftGrabbed;;
1434885335238;LeftGrabbed;;
1434885335254.63;LeftGrabbed;;
1434885335271.28;LeftGrabbed;;
1434885335287.99;LeftGrabbed;;
1434885335304.52;LeftGrabbed;;
1434885335321.24;LeftGrabbed;;
1434885335337.89;LeftGrabbed;;
1434885335354.42;LeftGrabbed;;
1434885335371.18;LeftGrabbed;;
1434885335387.32;LeftGrabbed;;
1434885335403.98;LeftGrabbed;;
1434885335420.56;LeftGrabbed;;
1434885335437.12;LeftGrabbed;;
1434885335453.84;LeftGrabbed;;
1434885335471.47;LeftGrabbed;;
1434885335488.15;LeftGrabbed;;
1434885335504.78;LeftGrabbed;;
1434885335521.55;LeftGrabbed;;
1434885335538.07;LeftGrabbed;;
1434885335554.59;LeftGrabbed;;
1434885335571.31;LeftGrabbed;;
1434885335587.92;LeftGrabbed;;
1434885335604.61;LeftGrabbed;;
1434885335621.25;LeftGrabbed;;
1434885335637.91;LeftGrabbed;;
1434885335655.19;LeftGrabbed;;
1434885335671.94;LeftGrabbed;;
1434885335688.59;LeftGrabbed;;
1434885335705.17;LeftGrabbed;;
1434885335721.94;LeftGrabbed;;
1434885335738.55;LeftGrabbed;;
1434885335755.17;LeftGrabbed;;
1434885335771.92;LeftGrabbed;;
1434885335788.64;LeftGrabbed;;
1434885335805.38;LeftGrabbed;;
1434885335823.68;LeftGrabbed;;
1434885335840.11;LeftGrabbed;;
1434885335856.59;LeftGrabbed;;
1434885335887.08;LeftGrabbed;;
1434885335903.67;LeftGrabbed;;
1434885336019.68;LeftGrabbed;;
1434885336036.34;LeftGrabbed;;
1434885336055.77;LeftGrabbed;;
1434885336072.33;LeftGrabbed;;
1434885336088.97;LeftGrabbed;;
1434885336105.71;LeftGrabbed;;
1434885336121.97;LeftGrabbed;;
1434885336139.35;LeftGrabbed;;
1434885336155.94;LeftGrabbed;;
1434885336172.79;LeftGrabbed;;
1434885336189.31;LeftGrabbed;;
1434885336206.01;LeftGrabbed;;
1434885336223.39;LeftGrabbed;;
1434885336240.08;LeftGrabbed;;
1434885336256.68;LeftGrabbed;;
1434885336273.38;Repositioning;
1434885336290.03;Repositioning;
1434885336306.54;Repositioning;
1434885336323.28;Repositioning;
1434885336339.44;Repositioning;
1434885336356.03;Repositioning;
1434885336372.78;Repositioning;
1434885336389.41;Repositioning;
1434885336406.06;Repositioning;
1434885336423.59;Repositioning;
1434885336440.24;Repositioning;
1434885336456.77;Repositioning;
1434885336473.4;Repositioning;
1434885336490.14;Repositioning;
1434885336506.51;Repositioning;
1434885336523.38;Repositioning;
1434885336540.05;Repositioning;
1434885336556.61;Repositioning;
1434885336573.33;Repositioning;
1434885336590.01;Repositioning;
1434885336606.54;Repositioning;
1434885336623.41;Repositioning;
1434885336640.08;Repositioning;
1434885336656.58;Repositioning;
1434885336673.45;Repositioning;
1434885336690.03;Repositioning;
1434885336706.32;Repositioning;
1434885336723.32;Repositioning;
1434885336740.01;Repositioning;
1434885336756.48;Repositioning;
1434885336773.29;Repositioning;
1434885336789.9;Repositioning;
1434885336807.34;Repositioning;
1434885336824.02;Repositioning;
1434885336840.73;Repositioning;
1434885336857.13;Repositioning;
1434885336873.75;Repositioning;
1434885336891.63;Repositioning;
1434885336908.35;Repositioning;
1434885336924.93;Repositioning;
1434885336941.57;Repositioning;
1434885336958.21;Repositioning;
1434885336974.73;Repositioning;
1434885336991.5;Repositioning;
1434885337007.64;Repositioning;
1434885337024.24;Repositioning;
1434885337040.93;Repositioning;
1434885337057.6;Repositioning;
1434885337074.13;Repositioning;
1434885337091.34;Repositioning;
1434885337108.01;Repositioning;
1434885337124.6;Repositioning;
1434885337141.37;Repositioning;
1434885337157.93;Repositioning;
1434885337174.45;Repositioning;
1434885337191.43;Repositioning;
1434885337208.15;Repositioning;
1434885337224.74;Repositioning;
1434885337241.41;Repositioning;
1434885337259.78;Repositioning;
1434885337276.29;Repositioning;
1434885337293.06;Repositioning;
1434885337309.95;Repositioning;
1434885337326.18;Repositioning;
1434885337343.21;Repositioning;
1434885337359.78;Repositioning;
1434885337375.68;Repositioning;
1434885337392.46;Repositioning;
1434885337409.01;Repositioning;
1434885337425.54;Repositioning;
1434885337442.1;Repositioning;
1434885337459.49;Repositioning;
1434885337476.09;Repositioning;
1434885337492.79;Repositioning;
1434885337509.47;Repositioning;
1434885337526.19;Repositioning;
1434885337542.75;Repositioning;
1434885337559.18;Repositioning;
1434885337575.5;Repositioning;
1434885337592.25;Repositioning;
1434885337608.92;Repositioning;
1434885337625.54;Repositioning;
1434885337642.19;Repositioning;
1434885337658.84;Repositioning;
1434885337675.35;Repositioning;
1434885337692.14;Repositioning;
1434885337708.91;Repositioning;
1434885337725.48;Repositioning;
1434885337742.09;Repositioning;
1434885337758.69;Repositioning;
1434885337775.44;Repositioning;
1434885337792.18;Repositioning;
1434885337808.81;Repositioning;
1434885337825.54;Repositioning;
1434885337842.13;Repositioning;
1434885337863.4;Repositioning;
1434885337880.01;Repositioning;
1434885337897.12;Repositioning;
1434885337913.36;Repositioning;
1434885337929.79;Repositioning;
1434885337946.58;Repositioning;
1434885337962.99;Repositioning;
1434885337980.44;Repositioning;
1434885337995.99;Repositioning;
1434885338017.74;Repositioning;
1434885338034.14;Repositioning;
1434885338051.55;Repositioning;
1434885338068.03;Repositioning;
1434885338084.67;Repositioning;
1434885338101.33;Repositioning;
1434885338117.82;Repositioning;
1434885338133.52;Repositioning;
1434885338150.55;Repositioning;
1434885338167.15;Repositioning;
1434885338183.98;Repositioning;
1434885338199.93;Repositioning;
1434885338217.06;Repositioning;
1434885338233.34;Repositioning;
1434885338249.36;Repositioning;
1434885338265.95;Repositioning;
1434885338282.87;Repositioning;
1434885338299.41;Repositioning;
1434885338316.38;Repositioning;
1434885338332.83;Repositioning;
1434885338349.23;Repositioning;
1434885338365.65;Repositioning;
1434885338382.35;Repositioning;
1434885338398.85;Repositioning;
1434885338415.25;Repositioning;
1434885338432.35;Repositioning;
1434885338448.64;Repositioning;
1434885338465.24;Repositioning;
1434885338481.96;Repositioning;
1434885338497.97;Repositioning;
1434885338515.15;Repositioning;
1434885338531.87;Repositioning;
1434885338547.93;Repositioning;
1434885338564.18;Repositioning;
1434885338581.29;Repositioning;
1434885338597.4;Repositioning;
1434885338613.9;Repositioning;
1434885338630.7;Repositioning;
1434885338647.28;Repositioning;
1434885338663.94;Repositioning;
1434885338680.59;Repositioning;
1434885338696.81;Repositioning;
1434885338713.32;Repositioning;
1434885338730.02;Repositioning;
1434885338746.69;Repositioning;
1434885338763.28;Repositioning;
1434885338779.93;Repositioning;
1434885338795.94;Repositioning;
1434885338812.68;Repositioning;
1434885338829.34;Repositioning;
1434885338845.92;Repositioning;
1434885338862.61;Repositioning;
1434885338879.03;Repositioning;
1434885338895.84;Repositioning;
1434885338911.97;Repositioning;
1434885338928.75;Repositioning;
1434885338945.28;Repositioning;
1434885338961.94;Repositioning;
1434885338978.56;Repositioning;
1434885338995.17;Repositioning;
1434885339012.03;Repositioning;
1434885339028.53;Repositioning;
1434885339045.19;Repositioning;
1434885339061.83;Repositioning;
1434885339079.53;Repositioning;
1434885339096.06;Repositioning;
1434885339112.79;Repositioning;
1434885339129.47;Repositioning;
1434885339146.18;Repositioning;
1434885339162.73;Repositioning;
1434885339179.4;Repositioning;
1434885339195.6;Repositioning;
1434885339212.48;Repositioning;
1434885339229.04;Repositioning;
1434885339245.73;Repositioning;
1434885339262.08;Repositioning;
1434885339278.94;Repositioning;
1434885339295.55;Repositioning;
1434885339312.34;Repositioning;
1434885339328.97;Repositioning;
1434885339345.61;Repositioning;
1434885339362.35;Repositioning;
1434885339379.74;Repositioning;
1434885339396.34;Repositioning;
1434885339413.07;Repositioning;
1434885339429.48;Repositioning;
1434885339446.43;Repositioning;
1434885339463.7;Repositioning;
1434885339480.39;Repositioning;
1434885339496.96;Repositioning;
1434885339513.62;Repositioning;
1434885339530.16;Repositioning;
1434885339546.93;Repositioning;
1434885339563.56;Repositioning;
1434885339579.71;Repositioning;
1434885339596.24;Repositioning;
1434885339612.96;Repositioning;
1434885339629.63;Repositioning;
1434885339646.32;Repositioning;
1434885339663.84;Repositioning;
1434885339680.57;Repositioning;
1434885339697.06;Repositioning;
1434885339713.98;Repositioning;
1434885339730.31;Repositioning;
1434885339747.17;Repositioning;
1434885339763.66;Repositioning;
1434885339780.32;Repositioning;
1434885339796.7;Repositioning;
1434885339813.63;Repositioning;
1434885339830.24;Repositioning;
1434885339847.54;Repositioning;
1434885339864.21;Repositioning;
1434885339880.82;Repositioning;
1434885339897.49;Repositioning;
1434885339914.02;Repositioning;
1434885339930.87;Repositioning;
1434885339947.48;Repositioning;
1434885339963.7;Repositioning;
1434885339980.43;Repositioning;
1434885339996.93;Repositioning;
1434885340013.65;Repositioning;
1434885340030.31;Repositioning;
1434885340046.94;Repositioning;
1434885340063.6;Repositioning;
1434885340080.24;Repositioning;
1434885340096.72;Repositioning;
1434885340113.54;Repositioning;
1434885340130.27;Repositioning;
1434885340146.77;Repositioning;
1434885340163.62;Repositioning;
1434885340180.25;Repositioning;
1434885340196.68;Repositioning;
1434885340213.41;Repositioning;
1434885340231.73;Repositioning;
1434885340248.43;Repositioning;
1434885340266.91;2;typeA;boy;2;1;;
1434885340281.72;2;typeA;boy;2;1;;
1434885340298.29;2;typeA;boy;2;1;;
1434885340331.77;2;typeA;boy;2;1;;
1434885340348.43;2;typeA;boy;2;1;;
1434885340365.24;2;typeA;boy;2;1;;
1434885340381.62;2;typeA;boy;2;1;;
1434885340398.43;2;typeA;boy;2;1;;
1434885340414.91;2;typeA;boy;2;1;;
1434885340431.79;2;typeA;boy;2;1;;
1434885340448.39;2;typeA;boy;2;1;;
1434885340495.59;2;typeA;boy;2;1;;
1434885340512.12;2;typeA;boy;2;1;;
1434885340531.71;2;typeA;boy;2;1;;
1434885340548.37;2;typeA;boy;2;1;;
1434885340565.01;2;typeA;boy;2;1;;
1434885340581.56;2;typeA;boy;2;1;;
1434885340598.17;2;typeA;boy;2;1;;
1434885340615.86;2;typeA;boy;2;1;;
1434885340633.25;2;typeA;boy;2;1;;
1434885340649.35;2;typeA;boy;2;1;;
1434885340666.02;2;typeA;boy;2;1;;
1434885340682.61;2;typeA;boy;2;1;;
1434885340699.25;2;typeA;boy;2;1;;
1434885340715.59;2;typeA;boy;2;1;;
1434885340732.36;2;typeA;boy;2;1;;
1434885340749.07;2;typeA;boy;2;1;;
1434885340765.65;2;typeA;boy;2;1;;
1434885340782.24;EndAppear;0;;
1434885340815.73;EndAppear;0;;
1434885340832.4;EndAppear;0;;
1434885340849.01;EndAppear;0;;
1434885340865.7;EndAppear;0;;
1434885340882.35;EndAppear;0;;
1434885340898.98;EndAppear;0;;
1434885340915.5;EndAppear;0;;
1434885340932.23;EndAppear;0;;
1434885340963.67;EndAppear;0;;
1434885340980.22;EndAppear;0;;
1434885340996.72;EndAppear;0;;
1434885341015.83;EndAppear;0;;
1434885341032.51;EndAppear;0;;
1434885341049.15;EndAppear;0;;
1434885341065.81;EndAppear;0;;
1434885341082.51;EndAppear;0;;
1434885341099.83;EndAppear;0;;
1434885341116.41;EndAppear;0;;
1434885341133.08;EndAppear;0;;
1434885341149.8;EndAppear;0;;
1434885341166.48;EndAppear;0;;
1434885341183.09;EndAppear;0;;
1434885341199.81;EndAppear;0;;
1434885341216.41;EndAppear;0;;
1434885341233.15;EndAppear;0;;
1434885341249.72;EndAppear;0;;
1434885341266.18;EndAppear;0;;
1434885341283.05;EndAppear;0;;
1434885341299.62;EndAppear;0;;
1434885341316.19;EndAppear;0;;
1434885341332.92;EndAppear;0;;
1434885341349.55;EndAppear;0;;
1434885341368.1;EndAppear;0;;
1434885341384.71;EndAppear;0;;
1434885341401.27;EndAppear;0;;
1434885341417.92;EndAppear;0;;
1434885341434.51;EndAppear;0;;
1434885341451.23;EndAppear;0;;
1434885341467.95;EndAppear;0;;
1434885341484.62;EndAppear;0;;
1434885341500.67;EndAppear;0;;
1434885341517.04;EndAppear;0;;
1434885341533.9;EndAppear;0;;
1434885341550.56;EndAppear;0;;
1434885341567.73;EndAppear;0;;
1434885341584.4;EndAppear;0;;
1434885341601.07;EndAppear;0;;
1434885341617.67;EndAppear;0;;
1434885341634.21;EndAppear;0;;
1434885341650.88;EndAppear;0;;
1434885341667.59;EndAppear;0;;
1434885341683.8;EndAppear;0;;
1434885341700.53;EndAppear;0;;
1434885341716.91;EndAppear;0;;
1434885341733.83;EndAppear;0;;
1434885341750.41;EndAppear;0;;
1434885341767.68;EndAppear;0;;
1434885341784.29;EndAppear;0;;
1434885341800.92;EndAppear;0;;
1434885341817.56;EndAppear;0;;
1434885341835.71;EndAppear;0;;
1434885341852.46;EndAppear;0;;
1434885341869.36;EndAppear;0;;
1434885341885.69;EndAppear;0;;
1434885341902.5;EndAppear;0;;
1434885341919.22;EndAppear;0;;
1434885341935.53;EndAppear;0;;
1434885341952.38;EndAppear;0;;
1434885341968.44;EndAppear;0;;
1434885341985.05;EndAppear;0;;
1434885342001.71;EndAppear;0;;
1434885342018.2;EndAppear;0;;
1434885342035.85;EndAppear;0;;
1434885342052.61;EndAppear;0;;
1434885342069.37;EndAppear;0;;
1434885342085.93;EndAppear;0;;
1434885342102.69;EndAppear;0;;
1434885342119.2;EndAppear;0;;
1434885342135.68;EndAppear;0;;
1434885342151.95;EndAppear;0;;
1434885342168.67;EndAppear;0;;
1434885342185.15;EndAppear;0;;
1434885342201.84;EndAppear;0;;
1434885342218.52;EndAppear;0;;
1434885342234.92;EndAppear;0;;
1434885342251.8;EndAppear;0;;
1434885342267.98;EndAppear;0;;
1434885342284.6;EndAppear;0;;
1434885342301.13;EndAppear;0;;
1434885342317.84;EndAppear;0;;
1434885342334.37;EndAppear;0;;
1434885342352.05;EndAppear;0;;
1434885342368.73;EndAppear;0;;
1434885342385.38;EndAppear;0;;
1434885342402.14;EndAppear;0;;
1434885342418.68;EndAppear;0;;
1434885342435.8;EndAppear;0;;
1434885342452.6;EndAppear;0;;
1434885342469.4;EndAppear;0;;
1434885342485.75;EndAppear;0;;
1434885342502.54;EndAppear;0;;
1434885342519.24;EndAppear;0;;
1434885342535.74;EndAppear;0;;
1434885342552.54;EndAppear;0;;
1434885342569.16;EndAppear;0;;
1434885342585.83;EndAppear;0;;
1434885342602.56;EndAppear;0;;
1434885342620;EndAppear;0;;
1434885342636.75;EndAppear;0;;
1434885342653.28;EndAppear;0;;
1434885342669.92;EndAppear;0;;
1434885342686.65;EndAppear;0;;
1434885342703.01;EndAppear;0;;
1434885342719.95;EndAppear;0;;
1434885342735.89;EndAppear;0;;
1434885342752.65;EndAppear;0;;
1434885342769.33;EndAppear;0;;
1434885342786.08;EndAppear;0;;
1434885342803.88;EndAppear;0;;
1434885342821;EndAppear;0;;
1434885342836.95;EndAppear;0;;
1434885342859.39;EndAppear;0;;
1434885342876.82;EndAppear;0;;
1434885342892.98;EndAppear;0;;
1434885342910.01;EndAppear;0;;
1434885342926.31;EndAppear;0;;
1434885342942.25;EndAppear;0;;
1434885342958.79;EndAppear;0;;
1434885342975.49;EndAppear;0;;
1434885342992.26;EndAppear;0;;
1434885343008.5;EndAppear;0;;
1434885343025.66;EndAppear;0;;
1434885343042.42;EndAppear;0;;
1434885343058.81;EndAppear;0;;
1434885343075.46;EndAppear;0;;
1434885343092.12;EndAppear;0;;
1434885343108.88;EndAppear;0;;
1434885343124.76;EndAppear;0;;
1434885343141.59;EndAppear;0;;
1434885343158.17;EndAppear;0;;
1434885343174.77;EndAppear;0;;
1434885343191.58;EndAppear;0;;
1434885343207.75;EndAppear;0;;
1434885343224.14;EndAppear;0;;
1434885343240.85;EndAppear;0;;
1434885343257.51;EndAppear;0;;
1434885343274.06;EndAppear;0;;
1434885343290.81;EndAppear;0;;
1434885343307.18;EndAppear;0;;
1434885343323.5;EndAppear;0;;
1434885343340.21;EndAppear;0;;
1434885343356.77;EndAppear;0;;
1434885343373.55;EndAppear;0;;
1434885343389.59;EndAppear;0;;
1434885343406.91;EndAppear;0;;
1434885343422.84;EndAppear;0;;
1434885343439.54;EndAppear;0;;
1434885343456.04;EndAppear;0;;
1434885343472.9;EndAppear;0;;
1434885343489.42;EndAppear;0;;
1434885343505.64;EndAppear;0;;
1434885343522.27;EndAppear;0;;
1434885343538.86;EndAppear;0;;
1434885343555.39;EndAppear;0;;
1434885343571.92;EndAppear;0;;
1434885343588.28;EndAppear;0;;
1434885343604.86;EndAppear;0;;
1434885343621.48;EndAppear;0;;
1434885343638.15;EndAppear;0;;
1434885343654.67;EndAppear;0;;
1434885343671.6;EndAppear;0;;
1434885343688.03;EndAppear;0;;
1434885343704.78;EndAppear;0;;
1434885343721.38;EndAppear;0;;
1434885343737.99;EndAppear;0;;
1434885343754.35;EndAppear;0;;
1434885343771.37;EndAppear;0;;
1434885343788.07;EndAppear;0;;
1434885343804.91;EndAppear;0;;
1434885343821.32;EndAppear;0;;
1434885343837.85;EndAppear;0;;
1434885343854.57;EndAppear;0;;
1434885343871.25;EndAppear;0;;
1434885343887.98;EndAppear;0;;
1434885343904.71;EndAppear;0;;
1434885343921.28;EndAppear;0;;
1434885343937.93;EndAppear;0;;
1434885343954.44;EndAppear;0;;
1434885343972.14;EndAppear;0;;
1434885343988.81;EndAppear;0;;
1434885344005.49;EndAppear;0;;
1434885344022.11;EndAppear;0;;
1434885344038.71;EndAppear;0;;
1434885344055.31;EndAppear;0;;
1434885344071.86;EndAppear;0;;
1434885344088.46;EndAppear;0;;
1434885344105.16;EndAppear;0;;
1434885344121.72;EndAppear;0;;
1434885344138.49;EndAppear;0;;
1434885344155.85;EndAppear;0;;
1434885344172.64;EndAppear;0;;
1434885344189.25;EndAppear;0;;
1434885344205.94;EndAppear;0;;
1434885344222.58;EndAppear;0;;
1434885344239.08;EndAppear;0;;
1434885344255.68;EndAppear;0;;
1434885344272.36;EndAppear;0;;
1434885344289.06;EndAppear;0;;
1434885344305.82;EndAppear;0;;
1434885344322.45;EndAppear;0;;
1434885344338.97;EndAppear;0;;
1434885344356;EndAppear;0;;
1434885344372.91;EndAppear;0;;
1434885344389.44;EndAppear;0;;
1434885344406.13;EndAppear;0;;
1434885344422.69;EndAppear;0;;
1434885344439.19;EndAppear;0;;
1434885344455.74;EndAppear;0;;
1434885344472.57;EndAppear;0;;
1434885344489.18;EndAppear;0;;
1434885344507.75;EndAppear;0;;
1434885344525;EndAppear;0;;
1434885344541.14;EndAppear;0;;
1434885344557.67;EndAppear;0;;
1434885344574.19;EndAppear;0;;
1434885344590.68;EndAppear;0;;
1434885344607.28;EndAppear;0;;
1434885344624.13;EndAppear;0;;
1434885344640.82;EndAppear;0;;
1434885344657.48;EndAppear;0;;
1434885344673.95;EndAppear;0;;
1434885344690.74;EndAppear;0;;
1434885344707.33;EndAppear;0;;
1434885344724.05;EndAppear;0;;
1434885344740.24;EndAppear;0;;
1434885344756.9;EndAppear;0;;
1434885344773.64;EndAppear;0;;
1434885344790.21;EndAppear;0;;
1434885344807.84;EndAppear;0;;
1434885344824.46;EndAppear;0;;
1434885344841.08;EndAppear;0;;
1434885344859.95;EndAppear;0;;
1434885344877.1;EndAppear;0;;
1434885344893.27;EndAppear;0;;
1434885344909.89;EndAppear;0;;
1434885344927.08;EndAppear;0;;
1434885344943.16;SetupFinished;;
1434885344959.42;SetupFinished;;
1434885344976.37;SetupFinished;;
1434885344993.11;SetupFinished;;
1434885345009.23;SetupFinished;;
1434885345026.51;SetupFinished;;
1434885345042.48;SetupFinished;;
1434885345059.25;SetupFinished;;
1434885345075.7;SetupFinished;;
1434885345092.44;SetupFinished;;
1434885345108.57;SetupFinished;;
1434885345125.16;SetupFinished;;
1434885345141.85;SetupFinished;;
1434885345158.23;SetupFinished;;
1434885345174.95;SetupFinished;;
1434885345192.11;SetupFinished;;
1434885345208.79;SetupFinished;;
1434885345225.49;SetupFinished;;
1434885345242.15;SetupFinished;;
1434885345258.78;SetupFinished;;
1434885345276.04;SetupFinished;;
1434885345292.91;SetupFinished;;
1434885345309.44;SetupFinished;;
1434885345326.01;SetupFinished;;
1434885345342.69;SetupFinished;;
1434885345359.39;SetupFinished;;
1434885345375.93;SetupFinished;;
1434885345392.21;SetupFinished;;
1434885345408.77;SetupFinished;;
1434885345425.42;SetupFinished;;
1434885345442.13;SetupFinished;;
1434885345458.49;SetupFinished;;
1434885345474.97;SetupFinished;;
1434885345492.01;SetupFinished;;
1434885345508.64;SetupFinished;;
1434885345527.6;SetupFinished;;
1434885345541.96;SetupFinished;;
1434885345558.44;SetupFinished;;
1434885345575.16;SetupFinished;;
1434885345592.18;SetupFinished;;
1434885345608.83;SetupFinished;;
1434885345625.48;SetupFinished;;
1434885345642.1;SetupFinished;;
1434885345660.1;SetupFinished;;
1434885345676.6;SetupFinished;;
1434885345693.91;SetupFinished;;
1434885345710.12;SetupFinished;;
1434885345726.71;SetupFinished;;
1434885345743.3;SetupFinished;;
1434885345759.93;SetupFinished;;
1434885345776.21;SetupFinished;;
1434885345792.96;SetupFinished;;
1434885345809.65;SetupFinished;;
1434885345826.27;SetupFinished;;
1434885345842.93;SetupFinished;;
1434885345859.6;SetupFinished;;
1434885345876;SetupFinished;;
1434885345892.74;SetupFinished;;
1434885345912.42;SetupFinished;;
1434885345929.34;SetupFinished;;
1434885345945.81;SetupFinished;;
1434885345962.9;SetupFinished;;
1434885345978.88;SetupFinished;;
1434885345995.52;SetupFinished;;
1434885346012.39;SetupFinished;;
1434885346028.98;SetupFinished;;
1434885346045.05;SetupFinished;;
1434885346062.23;SetupFinished;;
1434885346078.86;SetupFinished;;
1434885346094.92;SetupFinished;;
1434885346111.41;SetupFinished;;
1434885346128.2;SetupFinished;;
1434885346144.91;SetupFinished;;
1434885346160.99;SetupFinished;;
1434885346177.65;SetupFinished;;
1434885346194.17;SetupFinished;;
1434885346210.86;SetupFinished;;
1434885346227.36;SetupFinished;;
1434885346244.47;SetupFinished;;
1434885346261.1;SetupFinished;;
1434885346278.07;SetupFinished;;
1434885346294.32;SetupFinished;;
1434885346311.09;SetupFinished;;
1434885346327.42;SetupFinished;;
1434885346344.41;SetupFinished;;
1434885346361.01;SetupFinished;;
1434885346377.05;SetupFinished;;
1434885346393.72;SetupFinished;;
1434885346410.42;SetupFinished;;
1434885346428.31;SetupFinished;;
1434885346445.25;objGrabbed;1;stim_right;;
1434885346461.2;objGrabbed;1;stim_right;;
1434885346477.77;objGrabbed;1;stim_right;;
1434885346494.4;objGrabbed;1;stim_right;;
1434885346511.21;objGrabbed;1;stim_right;;
1434885346527.78;objGrabbed;1;stim_right;;
1434885346544.09;objGrabbed;1;stim_right;;
1434885346560.7;objGrabbed;1;stim_right;;
1434885346577.24;objGrabbed;1;stim_right;;
1434885346593.99;objGrabbed;1;stim_right;;
1434885346610.65;objGrabbed;1;stim_right;;
1434885346628.52;objGrabbed;1;stim_right;;
1434885346645.19;objGrabbed;1;stim_right;;
1434885346661.88;objGrabbed;1;stim_right;;
1434885346678.52;objGrabbed;1;stim_right;;
1434885346695.9;objGrabbed;1;stim_right;;
1434885346713.23;objGrabbed;1;stim_right;;
1434885346729.31;objGrabbed;1;stim_right;;
1434885346745.91;objGrabbed;1;stim_right;;
1434885346762.64;objGrabbed;1;stim_right;;
1434885346779.18;objGrabbed;1;stim_right;;
1434885346795.76;objGrabbed;1;stim_right;;
1434885346812.5;objGrabbed;1;stim_right;;
1434885346829.22;objGrabbed;1;stim_right;;
1434885346845.21;objGrabbed;1;stim_right;;
1434885346861.76;objGrabbed;1;stim_right;;
1434885346878.55;objGrabbed;1;stim_right;;
1434885346894.96;objGrabbed;1;stim_right;;
1434885346911.51;objGrabbed;1;stim_right;;
1434885346928.41;objGrabbed;1;stim_right;;
1434885346945.02;objGrabbed;1;stim_right;;
1434885346961.66;objGrabbed;1;stim_right;;
1434885346978.44;objGrabbed;1;stim_right;;
1434885346994.88;objGrabbed;1;stim_right;;
1434885347011.54;objGrabbed;1;stim_right;;
1434885347028.25;objGrabbed;1;stim_right;;
1434885347044.41;objGrabbed;1;stim_right;;
1434885347060.99;objGrabbed;1;stim_right;;
1434885347077.7;objGrabbed;1;stim_right;;
1434885347096.59;objGrabbed;1;stim_right;;
1434885347113.96;objGrabbed;1;stim_right;;
1434885347130.54;objGrabbed;1;stim_right;;
1434885347146.7;objGrabbed;1;stim_right;;
1434885347163.27;objGrabbed;1;stim_right;;
1434885347179.89;objGrabbed;1;stim_right;;
1434885347196.5;objGrabbed;1;stim_right;;
1434885347212.75;objGrabbed;1;stim_right;;
1434885347229.33;objGrabbed;1;stim_right;;
1434885347245.86;objGrabbed;1;stim_right;;
1434885347262.56;objGrabbed;1;stim_right;;
1434885347279.13;objGrabbed;1;stim_right;;
1434885347295.82;objGrabbed;1;stim_right;;
1434885347312.58;objGrabbed;1;stim_right;;
1434885347328.64;objGrabbed;1;stim_right;;
1434885347345.34;objGrabbed;1;stim_right;;
1434885347361.93;objGrabbed;1;stim_right;;
1434885347378.59;objGrabbed;1;stim_right;;
1434885347394.75;objGrabbed;1;stim_right;;
1434885347412.56;objGrabbed;1;stim_right;;
1434885347429.29;objGrabbed;1;stim_right;;
1434885347445.95;objGrabbed;1;stim_right;;
1434885347462.5;RightGrabbed;;
1434885347479.15;RightGrabbed;;
1434885347496.54;RightGrabbed;;
1434885347513.26;RightGrabbed;;
1434885347529.99;RightGrabbed;;
1434885347546.65;RightGrabbed;;
1434885347563.22;RightGrabbed;;
1434885347580.55;RightGrabbed;;
1434885347612.45;RightGrabbed;;
1434885347629.19;RightGrabbed;;
1434885347645.77;RightGrabbed;;
1434885347662.43;RightGrabbed;;
1434885347679.09;RightGrabbed;;
1434885347696.46;RightGrabbed;;
1434885347713.23;RightGrabbed;;
1434885347729.93;RightGrabbed;;
1434885347746.66;RightGrabbed;;
1434885347763.17;RightGrabbed;;
1434885347779.54;RightGrabbed;;
1434885347796.09;RightGrabbed;;
1434885347812.83;RightGrabbed;;
1434885347829.53;RightGrabbed;;
1434885347846.37;RightGrabbed;;
1434885347862.74;RightGrabbed;;
1434885347880.59;RightGrabbed;;
1434885347897.13;RightGrabbed;;
1434885347913.89;RightGrabbed;;
1434885347930.53;RightGrabbed;;
1434885347947.2;3;typeI1;umbrella;4;1;;
1434885347963.51;3;typeI1;umbrella;4;1;;
1434885347980.6;3;typeI1;umbrella;4;1;;
1434885348028.15;3;typeI1;umbrella;4;1;;
1434885348044.78;3;typeI1;umbrella;4;1;;
1434885348061.33;3;typeI1;umbrella;4;1;;
1434885348096.62;3;typeI1;umbrella;4;1;;
1434885348113.25;3;typeI1;umbrella;4;1;;
1434885348130.02;3;typeI1;umbrella;4;1;;
1434885348148.38;3;typeI1;umbrella;4;1;;
1434885348165.49;3;typeI1;umbrella;4;1;;
1434885348181.62;3;typeI1;umbrella;4;1;;
1434885348198.27;3;typeI1;umbrella;4;1;;
1434885348214.74;3;typeI1;umbrella;4;1;;
1434885348231.27;3;typeI1;umbrella;4;1;;
1434885348248.26;3;typeI1;umbrella;4;1;;
1434885348264.92;3;typeI1;umbrella;4;1;;
1434885348280.99;3;typeI1;umbrella;4;1;;
1434885348297.58;3;typeI1;umbrella;4;1;;
1434885348314.05;3;typeI1;umbrella;4;1;;
1434885348330.88;3;typeI1;umbrella;4;1;;
1434885348347.6;3;typeI1;umbrella;4;1;;
1434885348364.19;3;typeI1;umbrella;4;1;;
1434885348380.67;3;typeI1;umbrella;4;1;;
1434885348397.27;3;typeI1;umbrella;4;1;;
1434885348414.02;3;typeI1;umbrella;4;1;;
1434885348430.59;3;typeI1;umbrella;4;1;;
1434885348447.36;3;typeI1;umbrella;4;1;;
1434885348463.96;3;typeI1;umbrella;4;1;;
1434885348480.42;3;typeI1;umbrella;4;1;;
1434885348497.01;3;typeI1;umbrella;4;1;;
1434885348513.63;3;typeI1;umbrella;4;1;;
1434885348530.36;3;typeI1;umbrella;4;1;;
1434885348546.93;3;typeI1;umbrella;4;1;;
1434885348563.64;3;typeI1;umbrella;4;1;;
1434885348580.46;3;typeI1;umbrella;4;1;;
1434885348597.06;3;typeI1;umbrella;4;1;;
1434885348613.75;3;typeI1;umbrella;4;1;;
1434885348630.41;3;typeI1;umbrella;4;1;;
1434885348648.17;3;typeI1;umbrella;4;1;;
1434885348664.79;3;typeI1;umbrella;4;1;;
1434885348681.46;3;typeI1;umbrella;4;1;;
1434885348698.06;3;typeI1;umbrella;4;1;;
1434885348728.36;3;typeI1;umbrella;4;1;;
1434885348748.25;3;typeI1;umbrella;4;1;;
1434885348764.92;3;typeI1;umbrella;4;1;;
1434885348781.58;3;typeI1;umbrella;4;1;;
1434885348798.17;3;typeI1;umbrella;4;1;;
1434885348814.7;3;typeI1;umbrella;4;1;;
1434885348864.28;3;typeI1;umbrella;4;1;;
1434885348880.92;3;typeI1;umbrella;4;1;;
1434885348897.56;3;typeI1;umbrella;4;1;;
1434885348914.08;3;typeI1;umbrella;4;1;;
1434885348930.86;3;typeI1;umbrella;4;1;;
1434885348948.2;3;typeI1;umbrella;4;1;;
1434885348964.83;3;typeI1;umbrella;4;1;;
1434885348981.46;3;typeI1;umbrella;4;1;;
1434885348998.1;3;typeI1;umbrella;4;1;;
1434885349014.6;3;typeI1;umbrella;4;1;;
1434885349032.33;3;typeI1;umbrella;4;1;;
1434885349049.06;3;typeI1;umbrella;4;1;;
1434885349065.59;3;typeI1;umbrella;4;1;;
1434885349082.25;3;typeI1;umbrella;4;1;;
1434885349098.88;3;typeI1;umbrella;4;1;;
1434885349115.45;3;typeI1;umbrella;4;1;;
1434885349132.47;3;typeI1;umbrella;4;1;;
1434885349149.18;3;typeI1;umbrella;4;1;;
1434885349165.74;3;typeI1;umbrella;4;1;;
1434885349182.44;3;typeI1;umbrella;4;1;;
1434885349199.09;3;typeI1;umbrella;4;1;;
1434885349216.56;3;typeI1;umbrella;4;1;;
1434885349233.34;3;typeI1;umbrella;4;1;;
1434885349249.89;3;typeI1;umbrella;4;1;;
1434885349266.63;3;typeI1;umbrella;4;1;;
1434885349283.19;3;typeI1;umbrella;4;1;;
1434885349299.93;3;typeI1;umbrella;4;1;;
1434885349316.5;3;typeI1;umbrella;4;1;;
1434885349332.68;3;typeI1;umbrella;4;1;;
1434885349349.29;3;typeI1;umbrella;4;1;;
1434885349366.03;3;typeI1;umbrella;4;1;;
1434885349382.61;3;typeI1;umbrella;4;1;;
1434885349399.23;3;typeI1;umbrella;4;1;;
1434885349416.32;3;typeI1;umbrella;4;1;;
1434885349433.07;3;typeI1;umbrella;4;1;;
1434885349449.73;3;typeI1;umbrella;4;1;;
1434885349466.36;3;typeI1;umbrella;4;1;;
1434885349483;3;typeI1;umbrella;4;1;;
1434885349499.65;3;typeI1;umbrella;4;1;;
1434885349516.69;3;typeI1;umbrella;4;1;;
1434885349533.49;3;typeI1;umbrella;4;1;;
1434885349552.33;3;typeI1;umbrella;4;1;;
1434885349569.42;3;typeI1;umbrella;4;1;;
1434885349586.06;3;typeI1;umbrella;4;1;;
1434885349602.77;3;typeI1;umbrella;4;1;;
1434885349618.75;3;typeI1;umbrella;4;1;;
1434885349635.25;3;typeI1;umbrella;4;1;;
1434885349652.12;3;typeI1;umbrella;4;1;;
1434885349668.67;3;typeI1;umbrella;4;1;;
1434885349685.09;3;typeI1;umbrella;4;1;;
1434885349702.36;3;typeI1;umbrella;4;1;;
1434885349718.51;3;typeI1;umbrella;4;1;;
1434885349734.75;3;typeI1;umbrella;4;1;;
1434885349751.6;3;typeI1;umbrella;4;1;;
1434885349768.33;3;typeI1;umbrella;4;1;;
1434885349784.53;3;typeI1;umbrella;4;1;;
1434885349801.66;3;typeI1;umbrella;4;1;;
1434885349817.76;3;typeI1;umbrella;4;1;;
1434885349834.24;3;typeI1;umbrella;4;1;;
1434885349851;3;typeI1;umbrella;4;1;;
1434885349867.7;3;typeI1;umbrella;4;1;;
1434885349884.3;3;typeI1;umbrella;4;1;;
1434885349900.94;3;typeI1;umbrella;4;1;;
1434885349917.04;3;typeI1;umbrella;4;1;;
1434885349933.66;3;typeI1;umbrella;4;1;;
1434885349950.34;3;typeI1;umbrella;4;1;;
1434885349966.85;3;typeI1;umbrella;4;1;;
1434885349984.64;3;typeI1;umbrella;4;1;;
1434885350001.32;3;typeI1;umbrella;4;1;;
1434885350018.02;3;typeI1;umbrella;4;1;;
1434885350034.5;3;typeI1;umbrella;4;1;;
1434885350051.28;3;typeI1;umbrella;4;1;;
1434885350067.75;3;typeI1;umbrella;4;1;;
1434885350084.48;3;typeI1;umbrella;4;1;;
1434885350101.11;3;typeI1;umbrella;4;1;;
1434885350117.74;3;typeI1;umbrella;4;1;;
1434885350134.27;3;typeI1;umbrella;4;1;;
1434885350151.09;3;typeI1;umbrella;4;1;;
1434885350167.42;3;typeI1;umbrella;4;1;;
1434885350184.55;3;typeI1;umbrella;4;1;;
1434885350201.2;3;typeI1;umbrella;4;1;;
1434885350217.87;3;typeI1;umbrella;4;1;;
1434885350234.36;3;typeI1;umbrella;4;1;;
1434885350251.14;3;typeI1;umbrella;4;1;;
1434885350267.76;3;typeI1;umbrella;4;1;;
1434885350284.7;3;typeI1;umbrella;4;1;;
1434885350301.35;3;typeI1;umbrella;4;1;;
1434885350317.92;3;typeI1;umbrella;4;1;;
1434885350334.51;3;typeI1;umbrella;4;1;;
1434885350351.3;3;typeI1;umbrella;4;1;;
1434885350367.92;3;typeI1;umbrella;4;1;;
1434885350384.5;3;typeI1;umbrella;4;1;;
1434885350401.14;3;typeI1;umbrella;4;1;;
1434885350417.8;3;typeI1;umbrella;4;1;;
1434885350434.33;3;typeI1;umbrella;4;1;;
1434885350451.11;3;typeI1;umbrella;4;1;;
1434885350468.83;3;typeI1;umbrella;4;1;;
1434885350485.53;3;typeI1;umbrella;4;1;;
1434885350502.17;3;typeI1;umbrella;4;1;;
1434885350518.83;3;typeI1;umbrella;4;1;;
1434885350535.36;3;typeI1;umbrella;4;1;;
1434885350552.8;3;typeI1;umbrella;4;1;;
1434885350569.45;3;typeI1;umbrella;4;1;;
1434885350585.95;3;typeI1;umbrella;4;1;;
1434885350602.56;3;typeI1;umbrella;4;1;;
1434885350619.43;3;typeI1;umbrella;4;1;;
1434885350635.91;3;typeI1;umbrella;4;1;;
1434885350652.68;3;typeI1;umbrella;4;1;;
1434885350669.5;3;typeI1;umbrella;4;1;;
1434885350685.98;3;typeI1;umbrella;4;1;;
1434885350702.54;3;typeI1;umbrella;4;1;;
1434885350719.27;3;typeI1;umbrella;4;1;;
1434885350735.81;3;typeI1;umbrella;4;1;;
1434885350752.73;3;typeI1;umbrella;4;1;;
1434885350769.41;3;typeI1;umbrella;4;1;;
1434885350786.04;3;typeI1;umbrella;4;1;;
1434885350802.7;3;typeI1;umbrella;4;1;;
1434885350819.29;3;typeI1;umbrella;4;1;;
1434885350835.86;3;typeI1;umbrella;4;1;;
1434885350853.25;3;typeI1;umbrella;4;1;;
1434885350869.99;3;typeI1;umbrella;4;1;;
1434885350886.64;3;typeI1;umbrella;4;1;;
1434885350903.27;3;typeI1;umbrella;4;1;;
1434885350919.94;3;typeI1;umbrella;4;1;;
1434885350936.96;3;typeI1;umbrella;4;1;;
1434885350953.8;3;typeI1;umbrella;4;1;;
1434885350970.4;3;typeI1;umbrella;4;1;;
1434885350987.14;3;typeI1;umbrella;4;1;;
1434885351003.64;3;typeI1;umbrella;4;1;;
1434885351020.37;3;typeI1;umbrella;4;1;;
1434885351036.53;3;typeI1;umbrella;4;1;;
1434885351053.42;3;typeI1;umbrella;4;1;;
1434885351069.99;3;typeI1;umbrella;4;1;;
1434885351086.54;3;typeI1;umbrella;4;1;;
1434885351103.23;3;typeI1;umbrella;4;1;;
1434885351119.89;3;typeI1;umbrella;4;1;;
1434885351136.72;3;typeI1;umbrella;4;1;;
1434885351153.48;3;typeI1;umbrella;4;1;;
1434885351170.14;3;typeI1;umbrella;4;1;;
1434885351186.86;3;typeI1;umbrella;4;1;;
1434885351203.32;3;typeI1;umbrella;4;1;;
1434885351220.72;3;typeI1;umbrella;4;1;;
1434885351237.34;3;typeI1;umbrella;4;1;;
1434885351254.02;3;typeI1;umbrella;4;1;;
1434885351270.69;3;typeI1;umbrella;4;1;;
1434885351287.4;3;typeI1;umbrella;4;1;;
1434885351303.69;3;typeI1;umbrella;4;1;;
1434885351321.14;3;typeI1;umbrella;4;1;;
1434885351337.78;3;typeI1;umbrella;4;1;;
1434885351354.23;3;typeI1;umbrella;4;1;;
1434885351371.01;3;typeI1;umbrella;4;1;;
1434885351387.74;3;typeI1;umbrella;4;1;;
1434885351404.3;3;typeI1;umbrella;4;1;;
1434885351420.93;3;typeI1;umbrella;4;1;;
1434885351437.67;3;typeI1;umbrella;4;1;;
1434885351454.21;3;typeI1;umbrella;4;1;;
1434885351470.96;3;typeI1;umbrella;4;1;;
1434885351487.62;3;typeI1;umbrella;4;1;;
1434885351503.93;3;typeI1;umbrella;4;1;;
1434885351520.62;3;typeI1;umbrella;4;1;;
1434885351537.22;3;typeI1;umbrella;4;1;;
1434885351553.93;3;typeI1;umbrella;4;1;;
1434885351570.58;3;typeI1;umbrella;4;1;;
1434885351587.37;3;typeI1;umbrella;4;1;;
1434885351604.85;3;typeI1;umbrella;4;1;;
1434885351621.42;3;typeI1;umbrella;4;1;;
1434885351637.86;3;typeI1;umbrella;4;1;;
1434885351654.36;3;typeI1;umbrella;4;1;;
1434885351671.27;3;typeI1;umbrella;4;1;;
1434885351687.88;3;typeI1;umbrella;4;1;;
1434885351704.43;3;typeI1;umbrella;4;1;;
1434885351720.75;3;typeI1;umbrella;4;1;;
1434885351737.25;3;typeI1;umbrella;4;1;;
1434885351753.98;3;typeI1;umbrella;4;1;;
1434885351770.65;3;typeI1;umbrella;4;1;;
1434885351788.58;3;typeI1;umbrella;4;1;;
1434885351805.19;3;typeI1;umbrella;4;1;;
1434885351821.86;3;typeI1;umbrella;4;1;;
1434885351838.46;3;typeI1;umbrella;4;1;;
1434885351854.98;3;typeI1;umbrella;4;1;;
1434885351871.75;3;typeI1;umbrella;4;1;;
1434885351888.4;3;typeI1;umbrella;4;1;;
1434885351904.6;3;typeI1;umbrella;4;1;;
1434885351921.19;3;typeI1;umbrella;4;1;;
1434885351937.78;3;typeI1;umbrella;4;1;;
1434885351954.34;3;typeI1;umbrella;4;1;;
1434885351970.94;3;typeI1;umbrella;4;1;;
1434885351988.6;3;typeI1;umbrella;4;1;;
1434885352005.25;3;typeI1;umbrella;4;1;;
1434885352021.85;3;typeI1;umbrella;4;1;;
1434885352038.5;3;typeI1;umbrella;4;1;;
1434885352055.02;3;typeI1;umbrella;4;1;;
1434885352071.79;3;typeI1;umbrella;4;1;;
1434885352088.42;3;typeI1;umbrella;4;1;;
1434885352104.67;3;typeI1;umbrella;4;1;;
1434885352121.36;3;typeI1;umbrella;4;1;;
1434885352137.85;3;typeI1;umbrella;4;1;;
1434885352154.5;3;typeI1;umbrella;4;1;;
1434885352171.26;3;typeI1;umbrella;4;1;;
1434885352188.66;3;typeI1;umbrella;4;1;;
1434885352205.55;3;typeI1;umbrella;4;1;;
1434885352221.95;3;typeI1;umbrella;4;1;;
1434885352238.35;3;typeI1;umbrella;4;1;;
1434885352256.86;3;typeI1;umbrella;4;1;;
1434885352274.17;3;typeI1;umbrella;4;1;;
1434885352290.96;3;typeI1;umbrella;4;1;;
1434885352306.96;3;typeI1;umbrella;4;1;;
1434885352323.6;3;typeI1;umbrella;4;1;;
1434885352340.3;3;typeI1;umbrella;4;1;;
1434885352356.79;3;typeI1;umbrella;4;1;;
1434885352373.47;3;typeI1;umbrella;4;1;;
1434885352389.61;3;typeI1;umbrella;4;1;;
1434885352406.24;3;typeI1;umbrella;4;1;;
1434885352422.9;3;typeI1;umbrella;4;1;;
1434885352439.62;3;typeI1;umbrella;4;1;;
1434885352456.08;3;typeI1;umbrella;4;1;;
1434885352472.9;3;typeI1;umbrella;4;1;;
1434885352489.59;3;typeI1;umbrella;4;1;;
1434885352506.27;3;typeI1;umbrella;4;1;;
1434885352522.85;3;typeI1;umbrella;4;1;;
1434885352539.59;3;typeI1;umbrella;4;1;;
1434885352556.05;3;typeI1;umbrella;4;1;;
1434885352572.8;3;typeI1;umbrella;4;1;;
1434885352589.6;3;typeI1;umbrella;4;1;;
1434885352606.12;3;typeI1;umbrella;4;1;;
1434885352622.69;occluderUp;;
1434885352639.41;occluderUp;;
1434885352655.96;occluderUp;;
1434885352672.68;occluderUp;;
1434885352688.85;occluderUp;;
1434885352705.42;occluderUp;;
1434885352722.09;occluderUp;;
1434885352738.82;occluderUp;;
1434885352756.69;occluderUp;;
1434885352773.57;occluderUp;;
1434885352790.22;occluderUp;;
1434885352806.79;occluderUp;;
1434885352823.42;occluderUp;;
1434885352840.12;occluderUp;;
1434885352864.78;occluderUp;;
1434885352882.3;occluderUp;;
1434885352899.15;occluderUp;;
1434885352914.74;occluderUp;;
1434885352931.39;occluderUp;;
1434885352948.21;occluderUp;;
1434885352964.71;occluderUp;;
1434885352981.27;occluderUp;;
1434885352997.94;occluderUp;;
1434885353014.39;occluderUp;;
1434885353031.55;occluderUp;;
1434885353047.87;occluderUp;;
1434885353064.17;occluderUp;;
1434885353080.38;occluderUp;;
1434885353097.87;occluderUp;;
1434885353114.26;occluderUp;;
1434885353130.86;occluderUp;;
1434885353146.55;occluderUp;;
1434885353163.74;occluderUp;;
1434885353180.45;occluderUp;;
1434885353196.13;occluderUp;;
1434885353213.22;occluderUp;;
1434885353229.78;occluderUp;;
1434885353245.94;occluderUp;;
1434885353262.62;occluderUp;;
1434885353279.76;occluderUp;;
1434885353295.59;occluderUp;;
1434885353313.08;occluderUp;;
1434885353329.08;occluderUp;;
1434885353346.29;occluderUp;;
1434885353362.45;occluderUp;;
1434885353379.1;occluderUp;;
1434885353395.61;occluderUp;;
1434885353411.79;occluderUp;;
1434885353428.08;occluderUp;;
1434885353445.08;occluderUp;;
1434885353461.72;occluderUp;;
1434885353478.01;occluderUp;;
1434885353494.89;occluderUp;;
1434885353511.69;occluderUp;;
1434885353527.82;occluderUp;;
1434885353544.4;occluderUp;;
1434885353560.68;occluderUp;;
1434885353577.78;occluderUp;;
1434885353594.24;occluderUp;;
1434885353611;occluderUp;;
1434885353627.15;occluderUp;;
1434885353643.7;occluderUp;;
1434885353660.35;occluderUp;;
1434885353676.93;occluderUp;;
1434885353693.15;occluderUp;;
1434885353709.95;occluderUp;;
1434885353726.35;occluderUp;;
1434885353743.08;occluderUp;;
1434885353759.62;occluderUp;;
1434885353776.38;occluderUp;;
1434885353792.66;occluderUp;;
1434885354077.22;occluderUp;;
1434885354093.92;occluderUp;;
1434885354110.18;occluderUp;;
1434885354126.7;occluderUp;;
1434885354143.33;occluderUp;;
1434885354160.01;occluderUp;;
1434885354176.52;occluderUp;;
1434885354193.28;occluderUp;;
1434885354209.39;occluderUp;;
1434885354226.07;occluderUp;;
1434885354242.65;occluderUp;;
1434885354259.3;occluderUp;;
1434885354275.88;occluderUp;;
1434885354292.56;occluderUp;;
1434885354309.26;occluderUp;;
1434885354325.83;occluderUp;;
1434885354601.78;occluderUp;;
1434885354619.03;occluderUp;;
1434885354635.23;occluderUp;;
1434885354652.23;occluderUp;;
1434885354668.06;occluderUp;;
1434885354938.19;occluderUp;;
1434885354954.29;occluderUp;;
1434885354970.76;occluderUp;;
1434885354987.71;occluderUp;;
1434885355004.77;occluderUp;;
1434885355238.07;occluderUp;;
1434885355254.31;objGrabbed;1;stim_right;;
1434885355271.38;objGrabbed;1;stim_right;;
1434885355288.21;objGrabbed;1;stim_right;;
1434885355304.17;objGrabbed;1;stim_right;;
1434885355320.86;objGrabbed;1;stim_right;;
1434885355453.86;objGrabbed;1;stim_right;;
1434885355471.15;objGrabbed;1;stim_right;;
1434885355487.04;objGrabbed;1;stim_right;;
1434885355504.08;objGrabbed;1;stim_right;;
1434885355520.35;objGrabbed;1;stim_right;;
1434885355537.02;objGrabbed;1;stim_right;;
1434885355554.09;objGrabbed;1;stim_right;;
1434885355570.74;objGrabbed;1;stim_right;;
1434885355587.42;objGrabbed;1;stim_right;;
1434885355603.72;objGrabbed;1;stim_right;;
1434885355619.41;objGrabbed;1;stim_right;;
1434885355636.6;objGrabbed;1;stim_right;;
1434885355652.86;objGrabbed;1;stim_right;;
1434885355669.15;objGrabbed;1;stim_right;;
1434885355686.6;objGrabbed;1;stim_right;;
1434885355703.1;objGrabbed;1;stim_right;;
1434885355718.88;objGrabbed;1;stim_right;;
1434885355735.41;objGrabbed;1;stim_right;;
1434885356025.91;objGrabbed;1;stim_right;;
1434885356043.1;objGrabbed;1;stim_right;;
1434885356059.69;objGrabbed;1;stim_right;;
1434885356075.95;objGrabbed;1;stim_right;;
1434885356092.81;objGrabbed;1;stim_right;;
1434885356386.08;objGrabbed;1;stim_right;;
1434885356402.61;RightGrabbed;;
1434885356418.83;RightGrabbed;;
1434885356436.02;RightGrabbed;;
1434885356452.38;RightGrabbed;;
1434885356469.41;RightGrabbed;;
1434885356485.18;RightGrabbed;;
1434885356502.04;RightGrabbed;;
1434885356518.67;RightGrabbed;;
1434885356535.12;RightGrabbed;;
1434885356551.6;RightGrabbed;;
1434885356576.94;RightGrabbed;;
1434885356597.22;RightGrabbed;;
1434885356873.75;RightGrabbed;;
1434885356890.48;RightGrabbed;;
1434885356907.46;RightGrabbed;;
1434885356923.7;RightGrabbed;;
1434885356940.85;RightGrabbed;;
1434885356957.2;RightGrabbed;;
1434885356973.23;RightGrabbed;;
1434885356990.41;RightGrabbed;;
1434885357006.02;RightGrabbed;;
1434885357023.62;RightGrabbed;;
1434885357040.17;RightGrabbed;;
1434885357056.56;RightGrabbed;;
1434885357073.06;RightGrabbed;;
1434885357089.71;RightGrabbed;;
1434885357106.34;RightGrabbed;;
1434885357122.91;RightGrabbed;;
1434885357139;RightGrabbed;;
1434885357155.28;RightGrabbed;;
1434885357172.39;RightGrabbed;;
1434885357189.09;RightGrabbed;;
1434885357205.66;RightGrabbed;;
1434885357221.72;RightGrabbed;;
1434885357237.88;RightGrabbed;;
1434885357254.59;RightGrabbed;;
1434885357271.35;RightGrabbed;;
1434885357288.21;RightGrabbed;;
1434885357304.91;RightGrabbed;;
1434885357321.43;RightGrabbed;;
1434885357337.3;RightGrabbed;;
1434885357354.88;RightGrabbed;;
1434885357370.68;RightGrabbed;;
1434885357387.22;RightGrabbed;;
1434885357404.31;RightGrabbed;;
1434885357420.98;RightGrabbed;;
1434885357437.77;RightGrabbed;;
1434885357453.16;RightGrabbed;;
1434885357469.87;RightGrabbed;;
1434885357486.49;RightGrabbed;;
1434885357503.63;RightGrabbed;;
1434885357529.04;RightGrabbed;;
1434885357549.18;RightGrabbed;;
1434885357565.79;RightGrabbed;;
1434885357582.43;RightGrabbed;;
1434885357599.08;RightGrabbed;;
1434885357615.61;RightGrabbed;;
1434885357632.37;RightGrabbed;;
1434885357649.36;RightGrabbed;;
1434885357666.03;RightGrabbed;;
1434885357682.68;RightGrabbed;;
1434885357699.46;RightGrabbed;;
1434885357715.91;RightGrabbed;;
1434885357732.64;RightGrabbed;;
1434885357748.93;RightGrabbed;;
1434885357765.61;RightGrabbed;;
1434885357782.2;RightGrabbed;;
1434885357798.89;RightGrabbed;;
1434885357817.55;RightGrabbed;;
1434885357834.12;RightGrabbed;;
1434885358054.26;RightGrabbed;;
1434885358070.34;occluderUp;;
1434885358097.07;occluderUp;;
1434885358117.19;occluderUp;;
1434885358133.85;occluderUp;;
1434885358185.29;occluderUp;;
1434885358201.83;occluderUp;;
1434885358218.46;occluderUp;;
1434885358234.99;occluderUp;;
1434885358251.77;occluderUp;;
1434885358268.45;occluderUp;;
1434885358285.06;occluderUp;;
1434885358301.36;occluderUp;;
1434885358318.21;occluderUp;;
1434885358334.44;occluderUp;;
1434885358351.34;occluderUp;;
1434885358368;occluderUp;;
1434885358384.6;occluderUp;;
1434885358400.96;occluderUp;;
1434885358417.69;occluderUp;;
1434885358434.1;occluderUp;;
1434885358450.87;occluderUp;;
1434885358467.69;occluderUp;;
1434885358485.29;occluderUp;;
1434885358690.02;occluderUp;;
1434885358706.86;occluderUp;;
1434885358723.63;occluderUp;;
1434885358740.08;occluderUp;;
1434885358756.08;occluderUp;;
1434885358773.49;occluderUp;;
1434885358789.28;occluderUp;;
1434885358805.87;occluderUp;;
1434885358822.79;occluderUp;;
1434885358839.43;occluderUp;;
1434885358855.92;occluderUp;;
1434885358872.15;occluderUp;;
1434885358888.64;occluderUp;;
1434885358905.37;occluderUp;;
1434885358921.78;occluderUp;;
1434885358938.72;occluderUp;;
1434885358954.74;occluderUp;;
1434885358971.54;occluderUp;;
1434885358988.15;occluderUp;;
1434885359004.81;occluderUp;;
1434885359021.32;occluderUp;;
1434885359038.11;occluderUp;;
1434885359054.13;occluderUp;;
1434885359070.83;Repositioning;
1434885359087.35;Repositioning;
1434885359104.23;Repositioning;
1434885359120.87;Repositioning;
1434885359137.24;Repositioning;
1434885359153.48;Repositioning;
1434885359170.17;Repositioning;
1434885359186.85;Repositioning;
1434885359203.54;Repositioning;
1434885359220.09;Repositioning;
1434885359236.57;Repositioning;
1434885359369.55;Repositioning;
1434885359386.12;Repositioning;
1434885359402.69;Repositioning;
1434885359419.23;Repositioning;
1434885359435.86;Repositioning;
1434885359566.5;Repositioning;
1434885359585.24;Repositioning;
1434885359601.93;Repositioning;
1434885359618.44;Repositioning;
1434885359637.46;Repositioning;
1434885359834.22;Repositioning;
1434885359853.39;Repositioning;
1434885359870.06;Repositioning;
1434885359886.67;Repositioning;
1434885359904.97;Repositioning;
1434885359921.84;Repositioning;
1434885360041.29;Repositioning;
1434885360057.96;Repositioning;
1434885360074.92;Repositioning;
1434885360091.16;Repositioning;
1434885360107.73;Repositioning;
1434885360124.19;Repositioning;
1434885360140.71;Repositioning;
1434885360157.74;Repositioning;
1434885360174.25;Repositioning;
1434885360191.03;Repositioning;
1434885360207.64;Repositioning;
1434885360224.33;Repositioning;
1434885360240.32;Repositioning;
1434885360256.56;Repositioning;
1434885360273.63;Repositioning;
1434885360290.28;Repositioning;
1434885360306.69;Repositioning;
1434885360323.09;Repositioning;
1434885360339.63;Repositioning;
1434885360356.24;Repositioning;
1434885360373.01;Repositioning;
1434885360389.4;Repositioning;
1434885360405.72;Repositioning;
1434885360422.33;Repositioning;
1434885360438.97;Repositioning;
1434885360455.5;Repositioning;
1434885360472.26;Repositioning;
1434885360489.37;Repositioning;
1434885360505.92;Repositioning;
1434885360522.6;Repositioning;
1434885360546.92;Repositioning;
1434885360589.4;Repositioning;
1434885360621.53;Repositioning;
1434885360653.21;Repositioning;
1434885360689.57;Repositioning;
1434885360721.33;Repositioning;
1434885360807.25;Repositioning;
1434885360873.6;Repositioning;
1434885360941.47;Repositioning;
1434885361053.3;Repositioning;
1434885361101.07;Repositioning;
1434885361157.8;Repositioning;
1434885361189.14;Repositioning;
1434885361237.67;Repositioning;
1434885361289.27;Repositioning;
1434885361337.4;Repositioning;
1434885361373.78;Repositioning;
1434885361405.3;Repositioning;
1434885361457.8;Repositioning;
1434885361489.17;Repositioning;
1434885361541.81;Repositioning;
1434885361585.83;Repositioning;
1434885361621.29;Repositioning;
1434885361669.4;Repositioning;
1434885361709.7;Repositioning;
1434885361758.05;Repositioning;
1434885361801.35;Repositioning;
1434885361853.4;Repositioning;
1434885361901.22;Repositioning;
1434885361953.69;Repositioning;
1434885362005.22;Repositioning;
1434885362041.27;Repositioning;
1434885362085.17;Repositioning;
1434885362121.28;Repositioning;
1434885362157.72;Repositioning;
1434885362189.1;Repositioning;
1434885362241.59;Repositioning;
1434885362273.52;Repositioning;
1434885362309.65;Repositioning;
1434885362357.44;Repositioning;
1434885362389.32;Repositioning;
1434885362426.29;Repositioning;
1434885362457.75;Repositioning;
1434885362489.29;Repositioning;
1434885362525.78;Repositioning;
1434885362573.19;Repositioning;
1434885362626.11;Repositioning;
1434885362677.58;Repositioning;
1434885362725.44;Repositioning;
1434885362778.04;Repositioning;
1434885362825.4;Repositioning;
1434885362877.5;Repositioning;
1434885362909.46;Repositioning;
1434885362941.42;Repositioning;
1434885362977.35;Repositioning;
1434885363009.45;Repositioning;
1434885363041.32;Repositioning;
1434885363077.67;Repositioning;
1434885363109.78;Repositioning;
1434885363141.48;Repositioning;
1434885363177.53;Repositioning;
1434885363209.28;Repositioning;
1434885363241.27;Repositioning;
1434885363277.77;Repositioning;
1434885363309.42;Repositioning;
1434885363341.34;Repositioning;
1434885363377.61;Repositioning;
1434885363409.35;Repositioning;
1434885363441.52;Repositioning;
1434885363477.67;Repositioning;
1434885363509.41;Repositioning;
1434885363545.89;Repositioning;
1434885363577.73;Repositioning;
1434885363609.6;Repositioning;
1434885363641.28;EndAppear;0;;
1434885363677.7;EndAppear;0;;
1434885363709.54;EndAppear;0;;
1434885363741.29;EndAppear;0;;
1434885363777.73;EndAppear;0;;
1434885363845.65;EndAppear;0;;
1434885363877.62;EndAppear;0;;
1434885363909.33;EndAppear;0;;
1434885363941.44;EndAppear;0;;
1434885363977.51;EndAppear;0;;
1434885364029.75;EndAppear;0;;
1434885364061.65;EndAppear;0;;
1434885364093.79;EndAppear;0;;
1434885364125.29;EndAppear;0;;
1434885364161.51;EndAppear;0;;
1434885364193.45;EndAppear;0;;
1434885364245.85;EndAppear;0;;
1434885364277.5;EndAppear;0;;
1434885364309.33;EndAppear;0;;
1434885364345.74;EndAppear;0;;
1434885364377.66;EndAppear;0;;
1434885364409.66;EndAppear;0;;
1434885364461.78;EndAppear;0;;
1434885364493.63;EndAppear;0;;
1434885364529.89;EndAppear;0;;
1434885364562.21;EndAppear;0;;
1434885364613.83;EndAppear;0;;
1434885364661.49;EndAppear;0;;
1434885364693.43;EndAppear;0;;
1434885364730.08;EndAppear;0;;
1434885364761.89;EndAppear;0;;
1434885364793.93;EndAppear;0;;
1434885364817.88;EndAppear;0;;
1434885364872.71;EndAppear;0;;
1434885364889.56;EndAppear;0;;
1434885364906.22;EndAppear;0;;
1434885364922.67;EndAppear;0;;
1434885364940.01;EndAppear;0;;
1434885364956.13;EndAppear;0;;
1434885364972.53;EndAppear;0;;
1434885364988.95;EndAppear;0;;
1434885365005.35;EndAppear;0;;
1434885365022.77;EndAppear;0;;
1434885365038.93;EndAppear;0;;
1434885365066.05;EndAppear;0;;
1434885365082.74;EndAppear;0;;
1434885365099.41;EndAppear;0;;
1434885365115.96;EndAppear;0;;
1434885365137.63;EndAppear;0;;
1434885365154.53;EndAppear;0;;
1434885365171;EndAppear;0;;
1434885365187.42;EndAppear;0;;
1434885365204.44;EndAppear;0;;
1434885365220.61;EndAppear;0;;
1434885365237.2;EndAppear;0;;
1434885365265.5;EndAppear;0;;
1434885365293.51;EndAppear;0;;
1434885365317.77;EndAppear;0;;
1434885365349.47;EndAppear;0;;
1434885365366.15;EndAppear;0;;
1434885365398.21;EndAppear;0;;
1434885365417.76;EndAppear;0;;
1434885365449.6;EndAppear;0;;
1434885365513.87;EndAppear;0;;
1434885365533.43;EndAppear;0;;
1434885365550.07;EndAppear;0;;
1434885365581.97;EndAppear;0;;
1434885365621.85;EndAppear;0;;
1434885365638.5;EndAppear;0;;
1434885365655.33;EndAppear;0;;
1434885365681.78;EndAppear;0;;
1434885365729.84;EndAppear;0;;
1434885365749.46;EndAppear;0;;
1434885365766.2;EndAppear;0;;
1434885365797.69;EndAppear;0;;
1434885365817.57;EndAppear;0;;
1434885365849.65;EndAppear;0;;
1434885365869.73;EndAppear;0;;
1434885365897.77;EndAppear;0;;
1434885365945.7;EndAppear;0;;
1434885365965.57;EndAppear;0;;
1434885365982.27;EndAppear;0;;
1434885366001.83;EndAppear;0;;
1434885366018.52;EndAppear;0;;
1434885366035.07;EndAppear;0;;
1434885366051.75;EndAppear;0;;
1434885366068.41;EndAppear;0;;
1434885366084.82;EndAppear;0;;
1434885366101.81;EndAppear;0;;
1434885366133.76;EndAppear;0;;
1434885366150.48;EndAppear;0;;
1434885366167.09;EndAppear;0;;
1434885366185.81;EndAppear;0;;
1434885366213.85;EndAppear;0;;
1434885366233.7;EndAppear;0;;
1434885366250.29;EndAppear;0;;
1434885366266.91;EndAppear;0;;
1434885366283.57;EndAppear;0;;
1434885366301.81;EndAppear;0;;
1434885366334.06;EndAppear;0;;
1434885366350.71;EndAppear;0;;
1434885366369.97;EndAppear;0;;
1434885366402.14;EndAppear;0;;
1434885366418.83;EndAppear;0;;
1434885366449.92;EndAppear;0;;
1434885366469.6;EndAppear;0;;
1434885366582.14;EndAppear;0;;
1434885366622.11;EndAppear;0;;
1434885366649.63;EndAppear;0;;
1434885366681.94;EndAppear;0;;
1434885366717.92;EndAppear;0;;
1434885366734.32;EndAppear;0;;
1434885366753.57;EndAppear;0;;
1434885366797.97;EndAppear;0;;
1434885366833.78;EndAppear;0;;
1434885366850.44;EndAppear;0;;
1434885366875.05;EndAppear;0;;
1434885366891.73;EndAppear;0;;
1434885366908.85;EndAppear;0;;
1434885366924.91;EndAppear;0;;
1434885366942.15;EndAppear;0;;
1434885366958.32;EndAppear;0;;
1434885366974.4;EndAppear;0;;
1434885366993.58;EndAppear;0;;
1434885367010.76;EndAppear;0;;
1434885367033.71;EndAppear;0;;
1434885367050.28;EndAppear;0;;
1434885367069.88;EndAppear;0;;
1434885367086.5;EndAppear;0;;
1434885367103.14;EndAppear;0;;
1434885367119.83;EndAppear;0;;
1434885367136.45;EndAppear;0;;
1434885367153.59;EndAppear;0;;
1434885367170.21;EndAppear;0;;
1434885367202.08;EndAppear;0;;
1434885367254.32;EndAppear;0;;
1434885367271.05;EndAppear;0;;
1434885367287.58;EndAppear;0;;
1434885367304.23;EndAppear;0;;
1434885367320.87;EndAppear;0;;
1434885367337.55;EndAppear;0;;
1434885367353.99;EndAppear;0;;
1434885367402.02;EndAppear;0;;
1434885367437.94;EndAppear;0;;
1434885367481.82;EndAppear;0;;
1434885367506.39;EndAppear;0;;
1434885367522.96;EndAppear;0;;
1434885367554.13;EndAppear;0;;
1434885367570.88;EndAppear;0;;
1434885367587.41;EndAppear;0;;
1434885367606.16;EndAppear;0;;
1434885367637.94;EndAppear;0;;
1434885367654.4;EndAppear;0;;
1434885367671.18;EndAppear;0;;
1434885367687.94;EndAppear;0;;
1434885367706.16;EndAppear;0;;
1434885367722.83;EndAppear;0;;
1434885367739.39;EndAppear;0;;
1434885367756.09;EndAppear;0;;
1434885367772.83;EndAppear;0;;
1434885367789.9;EndAppear;0;;
1434885367846.04;EndAppear;0;;
1434885367885.91;EndAppear;0;;
1434885367902.55;EndAppear;0;;
1434885367921.83;EndAppear;0;;
1434885367938.51;EndAppear;0;;
1434885367954.99;EndAppear;0;;
1434885367971.75;EndAppear;0;;
1434885367988.4;EndAppear;0;;
1434885368006.17;EndAppear;0;;
1434885368022.9;EndAppear;0;;
1434885368039.57;EndAppear;0;;
1434885368056.03;EndAppear;0;;
1434885368085.9;EndAppear;0;;
1434885368105.88;EndAppear;0;;
1434885368122.52;EndAppear;0;;
1434885368139.16;EndAppear;0;;
1434885368155.62;EndAppear;0;;
1434885368202.33;EndAppear;0;;
1434885368234.65;EndAppear;0;;
1434885368266.44;EndAppear;0;;
1434885368318.18;EndAppear;0;;
1434885368342.39;EndAppear;0;;
1434885368359.31;EndAppear;0;;
1434885368375.47;EndAppear;0;;
1434885368392.35;EndAppear;0;;
1434885368422;EndAppear;0;;
1434885368438.64;EndAppear;0;;
1434885368470.14;EndAppear;0;;
1434885368506.36;EndAppear;0;;
1434885368538.19;EndAppear;0;;
1434885368554.69;EndAppear;0;;
1434885368573.81;EndAppear;0;;
1434885368605.99;EndAppear;0;;
1434885368622.53;EndAppear;0;;
1434885368639.12;EndAppear;0;;
1434885368658.31;EndAppear;0;;
1434885368689.93;EndAppear;0;;
1434885368741.81;EndAppear;0;;
1434885368769.74;EndAppear;0;;
1434885368789.86;EndAppear;0;;
1434885368838.26;EndAppear;0;;
1434885368870.91;EndAppear;0;;
1434885368894.33;EndAppear;0;;
1434885368938.2;EndAppear;0;;
1434885368958.31;EndAppear;0;;
1434885368974.81;EndAppear;0;;
1434885368991.46;EndAppear;0;;
1434885369008.07;EndAppear;0;;
1434885369024.86;EndAppear;0;;
1434885369041.59;EndAppear;0;;
1434885369058.3;EndAppear;0;;
1434885369074.87;EndAppear;0;;
1434885369091.52;EndAppear;0;;
1434885369108.15;EndAppear;0;;
1434885369137.83;EndAppear;0;;
1434885369158.29;EndAppear;0;;
1434885369174.84;EndAppear;0;;
1434885369191.6;EndAppear;0;;
1434885369208.21;EndAppear;0;;
1434885369224.87;EndAppear;0;;
1434885369241.5;EndAppear;0;;
1434885369258.01;EndAppear;0;;
1434885369274.57;EndAppear;0;;
1434885369291.22;EndAppear;0;;
1434885369307.9;EndAppear;0;;
1434885369342.33;EndAppear;0;;
1434885369369.91;EndAppear;0;;
1434885369389.79;EndAppear;0;;
1434885369426.39;EndAppear;0;;
1434885369443.03;EndAppear;0;;
1434885369474.02;EndAppear;0;;
1434885369490.63;EndAppear;0;;
1434885369510.37;EndAppear;0;;
1434885369585.94;EndAppear;0;;
1434885369618.07;EndAppear;0;;
1434885369642.45;EndAppear;0;;
1434885369659.05;EndAppear;0;;
1434885369675.61;EndAppear;0;;
1434885369692.41;EndAppear;0;;
1434885369709.2;EndAppear;0;;
1434885369725.97;EndAppear;0;;
1434885369758.15;EndAppear;0;;
1434885369774.66;EndAppear;0;;
1434885369791.43;EndAppear;0;;
1434885369810.28;EndAppear;0;;
1434885369826.96;EndAppear;0;;
1434885369843.61;EndAppear;0;;
1434885369860.24;EndAppear;0;;
1434885369876.77;EndAppear;0;;
1434885369893.58;EndAppear;0;;
1434885369909.97;EndAppear;0;;
1434885369926.35;EndAppear;0;;
1434885369958.21;EndAppear;0;;
1434885369982.17;EndAppear;0;;
1434885369999.24;EndAppear;0;;
1434885370016.31;EndAppear;0;;
1434885370032.16;EndAppear;0;;
1434885370049.35;EndAppear;0;;
1434885370065.99;EndAppear;0;;
1434885370082.62;EndAppear;0;;
1434885370098.83;EndAppear;0;;
1434885370115.48;EndAppear;0;;
1434885370132.34;EndAppear;0;;
1434885370148.55;EndAppear;0;;
1434885370173.97;EndAppear;0;;
1434885370190.62;EndAppear;0;;
1434885370209.86;EndAppear;0;;
1434885370226.55;EndAppear;0;;
1434885370243.15;EndAppear;0;;
1434885370259.77;EndAppear;0;;
1434885370276.42;EndAppear;0;;
1434885370293.06;EndAppear;0;;
1434885370314.05;EndAppear;0;;
1434885370331.14;EndAppear;0;;
1434885370347.83;EndAppear;0;;
1434885370373.86;EndAppear;0;;
1434885370390.51;EndAppear;0;;
1434885370409.94;EndAppear;0;;
1434885370426.61;EndAppear;0;;
1434885370443.2;EndAppear;0;;
1434885370459.94;EndAppear;0;;
1434885370476.36;EndAppear;0;;
1434885370494.21;EndAppear;0;;
1434885370511.02;EndAppear;0;;
1434885370527.5;EndAppear;0;;
1434885370544.13;EndAppear;0;;
1434885370560.81;EndAppear;0;;
1434885370589.89;EndAppear;0;;
1434885370610.2;EndAppear;0;;
1434885370626.78;EndAppear;0;;
1434885370643.46;EndAppear;0;;
1434885370665.96;EndAppear;0;;
1434885370682.85;EndAppear;0;;
1434885370699.76;EndAppear;0;;
1434885370715.82;EndAppear;0;;
1434885370733.03;EndAppear;0;;
1434885370749.67;EndAppear;0;;
1434885370765.44;EndAppear;0;;
1434885370794.33;EndAppear;0;;
1434885370811.03;EndAppear;0;;
1434885370827.72;EndAppear;0;;
1434885370844.32;EndAppear;0;;
1434885370862;EndAppear;0;;
1434885370878.64;EndAppear;0;;
1434885370895.13;EndAppear;0;;
1434885370911.91;EndAppear;0;;
1434885370928.62;EndAppear;0;;
1434885370944.93;EndAppear;0;;
1434885370961.82;EndAppear;0;;
1434885370978.18;EndAppear;0;;
1434885371009.98;EndAppear;0;;
1434885371026.62;EndAppear;0;;
1434885371043.25;EndAppear;0;;
1434885371059.93;EndAppear;0;;
1434885371076.52;EndAppear;0;;
1434885371094.09;EndAppear;0;;
1434885371110.76;EndAppear;0;;
1434885371127.42;EndAppear;0;;
1434885371144.07;EndAppear;0;;
1434885371162.51;EndAppear;0;;
1434885371179.24;EndAppear;0;;
1434885371210.14;EndAppear;0;;
1434885371226.72;EndAppear;0;;
1434885371246.35;EndAppear;0;;
1434885371263.61;EndAppear;0;;
1434885371279.69;EndAppear;0;;
1434885371296.2;EndAppear;0;;
1434885371312.97;EndAppear;0;;
1434885371329.53;EndAppear;0;;
1434885371346.32;EndAppear;0;;
1434885371363.53;EndAppear;0;;
1434885371379.6;EndAppear;0;;
1434885371396.16;EndAppear;0;;
1434885371426.03;EndAppear;0;;
1434885371446.52;EndAppear;0;;
1434885371463.93;EndAppear;0;;
1434885371479.84;EndAppear;0;;
1434885371496.39;EndAppear;0;;
1434885371513.16;EndAppear;0;;
1434885371529.53;EndAppear;0;;
1434885371546.54;EndAppear;0;;
1434885371563.21;EndAppear;0;;
1434885371579.87;EndAppear;0;;
1434885371596.41;EndAppear;0;;
1434885371613.13;EndAppear;0;;
1434885371642.12;EndAppear;0;;
1434885371662.22;EndAppear;0;;
1434885371686.35;EndAppear;0;;
1434885371703.42;EndAppear;0;;
1434885371720.3;EndAppear;0;;
1434885371736.09;EndAppear;0;;
1434885371753.41;EndAppear;0;;
1434885371770.05;EndAppear;0;;
1434885371787.86;EndAppear;0;;
1434885371802.91;EndAppear;0;;
1434885371819.57;EndAppear;0;;
1434885371835.61;EndAppear;0;;
1434885371857.96;EndAppear;0;;
1434885371878.17;EndAppear;0;;
1434885371894.73;EndAppear;0;;
1434885371911.5;EndAppear;0;;
1434885371930.45;EndAppear;0;;
1434885371947.07;EndAppear;0;;
1434885371963.7;EndAppear;0;;
1434885371980.37;EndAppear;0;;
1434885371996.88;EndAppear;0;;
1434885372017.98;EndAppear;0;;
1434885372034.98;EndAppear;0;;
1434885372051.21;EndAppear;0;;
1434885372078.27;EndAppear;0;;
1434885372098.6;EndAppear;0;;
1434885372115.13;EndAppear;0;;
1434885372132.07;EndAppear;0;;
1434885372148.39;EndAppear;0;;
1434885372165.21;EndAppear;0;;
1434885372181.98;EndAppear;0;;
1434885372198.49;EndAppear;0;;
1434885372214.97;EndAppear;0;;
1434885372231.21;EndAppear;0;;
1434885372247.93;EndAppear;0;;
1434885372264.35;EndAppear;0;;
1434885372294.14;EndAppear;0;;
1434885372314.59;EndAppear;0;;
1434885372331.3;EndAppear;0;;
1434885372347.9;EndAppear;0;;
1434885372370.18;EndAppear;0;;
1434885372387.78;EndAppear;0;;
1434885372403.72;EndAppear;0;;
1434885372420.93;EndAppear;0;;
1434885372436.93;EndAppear;0;;
1434885372453.89;EndAppear;0;;
1434885372469.88;EndAppear;0;;
1434885372494.16;EndAppear;0;;
1434885372514.47;EndAppear;0;;
1434885372531.16;EndAppear;0;;
1434885372547.92;EndAppear;0;;
1434885372564.43;EndAppear;0;;
1434885372581.15;EndAppear;0;;
1434885372598.7;EndAppear;0;;
1434885372615.27;EndAppear;0;;
1434885372632.18;EndAppear;0;;
1434885372648.86;EndAppear;0;;
1434885372665.32;EndAppear;0;;
1434885372681.78;EndAppear;0;;
1434885372710.13;EndAppear;0;;
1434885372730.22;EndAppear;0;;
1434885372746.85;EndAppear;0;;
1434885372763.49;EndAppear;0;;
1434885372782.54;EndAppear;0;;
1434885372799.21;EndAppear;0;;
1434885372815.73;EndAppear;0;;
1434885372832.5;EndAppear;0;;
1434885372849.23;EndAppear;0;;
1434885372865.92;EndAppear;0;;
1434885372882.46;EndAppear;0;;
1434885372898.58;EndAppear;0;;
1434885372930.28;EndAppear;0;;
1434885372946.94;EndAppear;0;;
1434885372963.58;EndAppear;0;;
1434885372982.42;EndAppear;0;;
1434885372999.14;EndAppear;0;;
1434885373015.63;EndAppear;0;;
1434885373032.37;EndAppear;0;;
1434885373049.1;EndAppear;0;;
1434885373065.64;EndAppear;0;;
1434885373082.84;EndAppear;0;;
1434885373099.6;EndAppear;0;;
1434885373116.16;EndAppear;0;;
1434885373146.31;EndAppear;0;;
1434885373166.5;EndAppear;0;;
1434885373183.2;EndAppear;0;;
1434885373199.83;EndAppear;0;;
1434885373216.4;EndAppear;0;;
1434885373233.11;EndAppear;0;;
1434885373249.71;EndAppear;0;;
1434885373266.57;EndAppear;0;;
1434885373283.23;EndAppear;0;;
1434885373299.83;EndAppear;0;;
1434885373316.26;EndAppear;0;;
1434885373346.3;EndAppear;0;;
1434885373366.5;EndAppear;0;;
1434885373390.52;EndAppear;0;;
1434885373408.19;EndAppear;0;;
1434885373423.78;EndAppear;0;;
1434885373440.43;EndAppear;0;;
1434885373457.89;EndAppear;0;;
1434885373474.04;EndAppear;0;;
1434885373490.87;EndAppear;0;;
1434885373506.8;EndAppear;0;;
1434885373523.49;EndAppear;0;;
1434885373540.21;EndAppear;0;;
1434885373562.3;EndAppear;0;;
1434885373582.43;EndAppear;0;;
1434885373599.14;EndAppear;0;;
1434885373615.51;EndAppear;0;;
1434885373632.4;EndAppear;0;;
1434885373650.54;EndAppear;0;;
1434885373667.2;EndAppear;0;;
1434885373683.87;EndAppear;0;;
1434885373700.25;EndAppear;0;;
1434885373722.61;EndAppear;0;;
1434885373739.77;EndAppear;0;;
1434885373755.86;EndAppear;0;;
1434885373782.46;EndAppear;0;;
1434885373799.2;EndAppear;0;;
1434885373815.64;EndAppear;0;;
1434885373832.19;EndAppear;0;;
1434885373850.55;EndAppear;0;;
1434885373867.22;EndAppear;0;;
1434885373883.86;EndAppear;0;;
1434885373900.24;EndAppear;0;;
1434885373916.99;EndAppear;0;;
1434885373934.37;EndAppear;0;;
1434885373950.97;EndAppear;0;;
1434885373982.6;EndAppear;0;;
1434885373999.24;EndAppear;0;;
1434885374015.78;EndAppear;0;;
1434885374034.71;EndAppear;0;;
1434885374051.44;EndAppear;0;;
1434885374074.81;EndAppear;0;;
1434885374092.04;EndAppear;0;;
1434885374108.84;EndAppear;0;;
1434885374126.47;EndAppear;0;;
1434885374143.16;EndAppear;0;;
1434885374158.34;EndAppear;0;;
1434885374182.43;EndAppear;0;;
1434885374199.09;EndAppear;0;;
1434885374218.65;EndAppear;0;;
1434885374235.83;EndAppear;0;;
1434885374251.94;EndAppear;0;;
1434885374268.61;EndAppear;0;;
1434885374285.25;EndAppear;0;;
1434885374302.64;EndAppear;0;;
1434885374319.8;EndAppear;0;;
1434885374335.83;EndAppear;0;;
1434885374352.56;EndAppear;0;;
1434885374382.32;EndAppear;0;;
1434885374402.74;EndAppear;0;;
1434885374419.47;EndAppear;0;;
1434885374435.92;EndAppear;0;;
1434885374452.69;EndAppear;0;;
1434885374469.41;EndAppear;0;;
1434885374485.96;EndAppear;0;;
1434885374502.63;EndAppear;0;;
1434885374518.78;EndAppear;0;;
1434885374535.36;EndAppear;0;;
1434885374552.16;EndAppear;0;;
1434885374568.75;EndAppear;0;;
1434885374598.4;EndAppear;0;;
1434885374618.84;EndAppear;0;;
1434885374635.39;EndAppear;0;;
1434885374651.97;EndAppear;0;;
1434885374668.86;EndAppear;0;;
1434885374685.4;EndAppear;0;;
1434885374702.64;EndAppear;0;;
1434885374719.38;EndAppear;0;;
1434885374742.59;EndAppear;0;;
1434885374759.63;EndAppear;0;;
1434885374776.16;EndAppear;0;;
1434885374798.32;EndAppear;0;;
1434885374818.56;EndAppear;0;;
1434885374835.13;EndAppear;0;;
1434885374851.88;EndAppear;0;;
1434885374868.53;EndAppear;0;;
1434885374885.24;EndAppear;0;;
1434885374902.34;EndAppear;0;;
1434885374919.01;EndAppear;0;;
1434885374935.45;EndAppear;0;;
1434885374952.26;EndAppear;0;;
1434885374968.88;EndAppear;0;;
1434885374985.53;EndAppear;0;;
1434885375018.71;EndAppear;0;;
1434885375035.24;EndAppear;0;;
1434885375052.02;EndAppear;0;;
1434885375068.68;EndAppear;0;;
1434885375090.26;EndAppear;0;;
1434885375107.48;EndAppear;0;;
1434885375124.11;EndAppear;0;;
1434885375140.85;EndAppear;0;;
1434885375157.23;EndAppear;0;;
1434885375173.56;EndAppear;0;;
1434885375189.83;EndAppear;0;;
1434885375218.46;EndAppear;0;;
1434885375234.97;EndAppear;0;;
1434885375254.69;EndAppear;0;;
1434885375271.9;EndAppear;0;;
1434885375288.06;EndAppear;0;;
1434885375304.63;EndAppear;0;;
1434885375321.28;EndAppear;0;;
1434885375337.75;EndAppear;0;;
1434885375354.91;EndAppear;0;;
1434885375371.73;EndAppear;0;;
1434885375388.35;EndAppear;0;;
1434885375418.72;EndAppear;0;;
1434885375446.4;EndAppear;0;;
1434885375470.51;EndAppear;0;;
1434885375487.15;EndAppear;0;;
1434885375503.91;EndAppear;0;;
1434885375520.4;EndAppear;0;;
1434885375536.76;EndAppear;0;;
1434885375553.74;EndAppear;0;;
1434885375570.75;EndAppear;0;;
1434885375587.4;EndAppear;0;;
1434885375604.09;EndAppear;0;;
1434885375634.48;EndAppear;0;;
1434885375654.71;EndAppear;0;;
1434885375671.65;EndAppear;0;;
1434885375688.1;EndAppear;0;;
1434885375704.69;EndAppear;0;;
1434885375722.74;EndAppear;0;;
1434885375739.52;EndAppear;0;;
1434885375755.94;EndAppear;0;;
1434885375786.65;EndAppear;0;;
1434885375818.34;EndAppear;0;;
1434885375866.8;EndAppear;0;;
1434885375886.46;EndAppear;0;;
1434885375903.12;EndAppear;0;;
1434885375919.88;EndAppear;0;;
1434885375938.76;EndAppear;0;;
1434885375955.3;EndAppear;0;;
1434885375972.04;EndAppear;0;;
1434885375988.73;EndAppear;0;;
1434885376005.38;EndAppear;0;;
1434885376021.99;EndAppear;0;;
1434885376038.64;EndAppear;0;;
1434885376070.58;EndAppear;0;;
1434885376087.22;EndAppear;0;;
1434885376103.86;EndAppear;0;;
1434885376120.49;EndAppear;0;;
1434885376138.42;EndAppear;0;;
1434885376154.95;EndAppear;0;;
1434885376178.93;EndAppear;0;;
1434885376196.17;EndAppear;0;;
1434885376212.92;EndAppear;0;;
1434885376229.16;EndAppear;0;;
1434885376246.46;EndAppear;0;;
1434885376262.24;EndAppear;0;;
1434885376286.6;EndAppear;0;;
1434885376303.25;EndAppear;0;;
1434885376322.75;EndAppear;0;;
1434885376339.46;EndAppear;0;;
1434885376355.98;EndAppear;0;;
1434885376372.76;EndAppear;0;;
1434885376389.24;EndAppear;0;;
1434885376407.11;EndAppear;0;;
1434885376423.76;EndAppear;0;;
1434885376440.34;EndAppear;0;;
1434885376456.89;EndAppear;0;;
1434885376486.77;EndAppear;0;;
1434885376508.61;EndAppear;0;;
1434885376526.46;EndAppear;0;;
1434885376543.44;EndAppear;0;;
1434885376559.99;EndAppear;0;;
1434885376576.62;EndAppear;0;;
1434885376592.88;EndAppear;0;;
1434885376609.72;EndAppear;0;;
1434885376626.31;EndAppear;0;;
1434885376642.97;EndAppear;0;;
1434885376659.64;EndAppear;0;;
1434885376676.15;EndAppear;0;;
1434885376702.47;EndAppear;0;;
1434885376722.8;EndAppear;0;;
1434885376739.55;EndAppear;0;;
1434885376755.96;EndAppear;0;;
1434885376772.64;EndAppear;0;;
1434885376789.46;EndAppear;0;;
1434885376806.69;EndAppear;0;;
1434885376823.37;EndAppear;0;;
1434885376839.92;EndAppear;0;;
1434885376862.67;EndAppear;0;;
1434885376880.18;EndAppear;0;;
1434885376896.35;EndAppear;0;;
1434885376922.93;EndAppear;0;;
1434885376939.61;EndAppear;0;;
1434885376956.08;EndAppear;0;;
1434885376972.85;EndAppear;0;;
1434885376989.57;EndAppear;0;;
1434885377006.77;EndAppear;0;;
1434885377023.48;EndAppear;0;;
1434885377040.07;EndAppear;0;;
1434885377056.61;EndAppear;0;;
1434885377073.34;EndAppear;0;;
1434885377090.8;EndAppear;0;;
1434885377122.68;EndAppear;0;;
1434885377139.35;EndAppear;0;;
1434885377155.8;EndAppear;0;;
1434885377172.64;EndAppear;0;;
1434885377190.71;EndAppear;0;;
1434885377207.36;EndAppear;0;;
1434885377224.06;EndAppear;0;;
1434885377240.65;EndAppear;0;;
1434885377257.18;EndAppear;0;;
1434885377274.01;EndAppear;0;;
1434885377290.73;EndAppear;0;;
1434885377307.44;EndAppear;0;;
1434885377338.92;EndAppear;0;;
1434885377355.36;EndAppear;0;;
1434885377372.14;EndAppear;0;;
1434885377390.79;EndAppear;0;;
1434885377407.51;EndAppear;0;;
1434885377424.15;EndAppear;0;;
1434885377440.76;EndAppear;0;;
1434885377457.26;EndAppear;0;;
1434885377474.85;EndAppear;0;;
1434885377491.48;EndAppear;0;;
1434885377508.01;EndAppear;0;;
1434885377524.7;EndAppear;0;;
1434885377554.63;EndAppear;0;;
1434885377575.01;EndAppear;0;;
1434885377591.63;EndAppear;0;;
1434885377608.25;EndAppear;0;;
1434885377624.9;EndAppear;0;;
1434885377641.73;EndAppear;0;;
1434885377658.27;EndAppear;0;;
1434885377674.44;EndAppear;0;;
1434885377691.2;EndAppear;0;;
1434885377707.77;EndAppear;0;;
1434885377724.5;EndAppear;0;;
1434885377754.66;EndAppear;0;;
1434885377775.25;EndAppear;0;;
1434885377791.93;EndAppear;0;;
1434885377808.73;EndAppear;0;;
1434885377825.22;EndAppear;0;;
1434885377841.82;EndAppear;0;;
1434885377859.01;EndAppear;0;;
1434885377882.84;EndAppear;0;;
1434885377900.15;EndAppear;0;;
1434885377916.86;EndAppear;0;;
1434885377932.77;EndAppear;0;;
1434885377950.22;EndAppear;0;;
1434885377974.73;EndAppear;0;;
1434885377991.41;EndAppear;0;;
1434885378007.96;EndAppear;0;;
1434885378024.67;EndAppear;0;;
1434885378041.3;EndAppear;0;;
1434885378058.9;EndAppear;0;;
1434885378075.48;EndAppear;0;;
1434885378092.09;EndAppear;0;;
1434885378108.72;EndAppear;0;;
1434885378125.5;EndAppear;0;;
1434885378143.09;EndAppear;0;;
1434885378174.87;EndAppear;0;;
1434885378191.67;EndAppear;0;;
1434885378208.22;EndAppear;0;;
1434885378230.63;EndAppear;0;;
1434885378247.66;EndAppear;0;;
1434885378263.92;EndAppear;0;;
1434885378280.67;EndAppear;0;;
1434885378297.03;EndAppear;0;;
1434885378314.08;EndAppear;0;;
1434885378330.8;EndAppear;0;;
1434885378347.12;EndAppear;0;;
1434885378363.74;EndAppear;0;;
1434885378390.79;EndAppear;0;;
1434885378407.46;EndAppear;0;;
1434885378424.08;EndAppear;0;;
1434885378443.04;EndAppear;0;;
1434885378459.71;EndAppear;0;;
1434885378476.2;EndAppear;0;;
1434885378492.92;EndAppear;0;;
1434885378511.13;EndAppear;0;;
1434885378528.41;EndAppear;0;;
1434885378544.49;EndAppear;0;;
1434885378567.11;EndAppear;0;;
1434885378590.67;EndAppear;0;;
1434885378610.99;EndAppear;0;;
1434885378627.64;EndAppear;0;;
1434885378644.19;EndAppear;0;;
1434885378660.91;EndAppear;0;;
1434885378677.55;EndAppear;0;;
1434885378693.76;EndAppear;0;;
1434885378711.23;EndAppear;0;;
1434885378727.86;EndAppear;0;;
1434885378744.47;EndAppear;0;;
1434885378760.89;EndAppear;0;;
1434885378777.82;EndAppear;0;;
1434885378806.58;EndAppear;0;;
1434885378827.02;EndAppear;0;;
1434885378843.67;EndAppear;0;;
1434885378860.18;EndAppear;0;;
1434885378876.85;EndAppear;0;;
1434885378895.27;EndAppear;0;;
1434885378911.94;EndAppear;0;;
1434885378928.56;EndAppear;0;;
1434885378945.26;EndAppear;0;;
1434885378961.77;EndAppear;0;;
1434885378978.61;EndAppear;0;;
1434885378995.05;EndAppear;0;;
1434885379027.09;EndAppear;0;;
1434885379043.69;EndAppear;0;;
1434885379060.19;EndAppear;0;;
1434885379076.76;EndAppear;0;;
1434885379093.63;EndAppear;0;;
1434885379111.06;EndAppear;0;;
1434885379128.97;EndAppear;0;;
1434885379144.51;EndAppear;0;;
1434885379161.02;EndAppear;0;;
1434885379177.29;EndAppear;0;;
1434885379195.12;EndAppear;0;;
1434885379227.47;EndAppear;0;;
1434885379250.74;EndAppear;0;;
1434885379268.37;EndAppear;0;;
1434885379284.93;EndAppear;0;;
1434885379301.23;EndAppear;0;;
1434885379317.85;EndAppear;0;;
1434885379333.86;EndAppear;0;;
1434885379350.72;EndAppear;0;;
1434885379367.37;EndAppear;0;;
1434885379384.34;EndAppear;0;;
1434885379400.48;EndAppear;0;;
1434885379416.98;EndAppear;0;;
1434885379442.85;EndAppear;0;;
1434885379459.54;EndAppear;0;;
1434885379479.11;EndAppear;0;;
1434885379495.56;EndAppear;0;;
1434885379515.25;EndAppear;0;;
1434885379535.16;EndAppear;0;;
1434885379551.98;EndAppear;0;;
1434885379568.8;EndAppear;0;;
1434885379591.26;EndAppear;0;;
1434885379608.14;EndAppear;0;;
1434885379625.17;EndAppear;0;;
1434885379642.77;EndAppear;0;;
1434885379659.63;EndAppear;0;;
1434885379678.87;EndAppear;0;;
1434885379695.32;EndAppear;0;;
1434885379712.11;EndAppear;0;;
1434885379728.74;EndAppear;0;;
1434885379745.46;EndAppear;0;;
1434885379763.17;EndAppear;0;;
1434885379779.92;EndAppear;0;;
1434885379796.38;EndAppear;0;;
1434885379813.1;EndAppear;0;;
1434885379829.81;EndAppear;0;;
1434885379858.88;EndAppear;0;;
1434885379879.54;EndAppear;0;;
1434885379896.12;EndAppear;0;;
1434885379912.93;EndAppear;0;;
1434885379935.06;EndAppear;0;;
1434885379952.31;EndAppear;0;;
1434885379969.22;EndAppear;0;;
1434885379985.47;EndAppear;0;;
1434885380002.12;EndAppear;0;;
1434885380018.81;EndAppear;0;;
1434885380035.28;EndAppear;0;;
1434885380052.05;EndAppear;0;;
1434885380079.21;EndAppear;0;;
1434885380095.66;EndAppear;0;;
1434885380115.25;EndAppear;0;;
1434885380142.79;EndAppear;0;;
1434885380163.32;EndAppear;0;;
1434885380179.94;EndAppear;0;;
1434885380199.2;EndAppear;0;;
1434885380216.08;EndAppear;0;;
1434885380232.53;EndAppear;0;;
1434885380249.8;EndAppear;0;;
1434885380265.95;EndAppear;0;;
1434885380294.85;EndAppear;0;;
1434885380311.5;EndAppear;0;;
1434885380330.83;EndAppear;0;;
1434885380347.47;EndAppear;0;;
1434885380364.07;EndAppear;0;;
1434885380380.85;EndAppear;0;;
1434885380397.27;EndAppear;0;;
1434885380414.1;EndAppear;0;;
1434885380430.7;EndAppear;0;;
1434885380447.15;EndAppear;0;;
1434885380463.89;EndAppear;0;;
1434885380494.93;EndAppear;0;;
1434885380511.64;EndAppear;0;;
1434885380528.26;EndAppear;0;;
1434885380547.19;EndAppear;0;;
1434885380563.86;EndAppear;0;;
1434885380580.64;EndAppear;0;;
1434885380596.92;EndAppear;0;;
1434885380613.61;EndAppear;0;;
1434885380631.13;EndAppear;0;;
1434885380647.82;EndAppear;0;;
1434885380664.44;EndAppear;0;;
1434885380680.99;EndAppear;0;;
1434885380710.8;EndAppear;0;;
1434885380731.04;EndAppear;0;;
1434885380747.63;EndAppear;0;;
1434885380764.27;EndAppear;0;;
1434885380780.98;EndAppear;0;;
1434885380797.56;EndAppear;0;;
1434885380814.13;EndAppear;0;;
1434885380831.29;EndAppear;0;;
1434885380848.07;EndAppear;0;;
1434885380864.74;EndAppear;0;;
1434885380881.33;EndAppear;0;;
1434885380897.92;EndAppear;0;;
1434885380930.81;EndAppear;0;;
1434885380947.47;EndAppear;0;;
1434885380971.08;EndAppear;0;;
1434885380988.82;EndAppear;0;;
1434885381004.82;EndAppear;0;;
1434885381021.51;EndAppear;0;;
1434885381037.82;EndAppear;0;;
1434885381054.72;EndAppear;0;;
1434885381070.8;EndAppear;0;;
1434885381088.07;EndAppear;0;;
1434885381104.27;EndAppear;0;;
1434885381120.71;EndAppear;0;;
1434885381147.23;EndAppear;0;;
1434885381163.95;EndAppear;0;;
1434885381180.47;EndAppear;0;;
1434885381196.92;EndAppear;0;;
1434885381214.99;EndAppear;0;;
1434885381231.55;EndAppear;0;;
1434885381248.15;EndAppear;0;;
1434885381264.98;EndAppear;0;;
1434885381283.3;EndAppear;0;;
1434885381302.97;EndAppear;0;;
1434885381320.13;EndAppear;0;;
1434885381336.72;EndAppear;0;;
1434885381363.01;EndAppear;0;;
1434885381379.66;EndAppear;0;;
1434885381399.04;EndAppear;0;;
1434885381415.6;EndAppear;0;;
1434885381432.49;EndAppear;0;;
1434885381449.02;EndAppear;0;;
1434885381465.58;EndAppear;0;;
1434885381482.3;EndAppear;0;;
1434885381499.39;EndAppear;0;;
1434885381515.91;EndAppear;0;;
1434885381532.66;EndAppear;0;;
1434885381562.97;EndAppear;0;;
1434885381583.26;EndAppear;0;;
1434885381600.02;EndAppear;0;;
1434885381616.48;EndAppear;0;;
1434885381633.22;EndAppear;0;;
1434885381654.9;EndAppear;0;;
1434885381672.07;EndAppear;0;;
1434885381688.66;EndAppear;0;;
1434885381705.34;EndAppear;0;;
1434885381721.6;EndAppear;0;;
1434885381737.86;EndAppear;0;;
1434885381754.67;EndAppear;0;;
1434885381783.13;EndAppear;0;;
1434885381799.71;EndAppear;0;;
1434885381816.49;EndAppear;0;;
1434885381833.01;EndAppear;0;;
1434885381851.06;EndAppear;0;;
1434885381868.19;EndAppear;0;;
1434885381884.29;EndAppear;0;;
1434885381900.9;EndAppear;0;;
1434885381917.45;EndAppear;0;;
1434885381934.1;EndAppear;0;;
1434885381950.47;EndAppear;0;;
1434885381983.18;EndAppear;0;;
1434885381999.76;EndAppear;0;;
1434885382016.29;EndAppear;0;;
1434885382033.03;EndAppear;0;;
1434885382051.25;EndAppear;0;;
1434885382067.92;EndAppear;0;;
1434885382084.83;EndAppear;0;;
1434885382101.11;EndAppear;0;;
1434885382117.79;EndAppear;0;;
1434885382134.39;EndAppear;0;;
1434885382151.15;EndAppear;0;;
1434885382167.29;EndAppear;0;;
1434885382199.13;EndAppear;0;;
1434885382215.63;EndAppear;0;;
1434885382232.39;EndAppear;0;;
1434885382251.36;EndAppear;0;;
1434885382268;EndAppear;0;;
1434885382284.64;EndAppear;0;;
1434885382301.16;EndAppear;0;;
1434885382327.41;EndAppear;0;;
1434885382345.13;EndAppear;0;;
1434885382361.57;EndAppear;0;;
1434885382378.16;EndAppear;0;;
1434885382394.29;EndAppear;0;;
1434885382415.52;EndAppear;0;;
1434885382463.52;EndAppear;0;;
1434885382499.38;EndAppear;0;;
1434885382519.43;EndAppear;0;;
1434885382559.03;EndAppear;0;;
1434885382583.5;EndAppear;0;;
1434885382603.24;EndAppear;0;;
1434885382635.51;EndAppear;0;;
1434885382652.13;EndAppear;0;;
1434885382668.86;EndAppear;0;;
1434885382685.26;EndAppear;0;;
1434885382702.07;EndAppear;0;;
1434885382719.25;EndAppear;0;;
1434885382743.28;EndAppear;0;;
1434885382760.49;EndAppear;0;;
1434885382776.68;EndAppear;0;;
1434885382793.91;EndAppear;0;;
1434885382809.87;EndAppear;0;;
1434885382826.23;EndAppear;0;;
1434885382850.97;EndAppear;0;;
1434885382867.57;EndAppear;0;;
1434885382885.37;EndAppear;0;;
1434885382902.19;EndAppear;0;;
1434885382919.3;EndAppear;0;;
1434885382935.82;EndAppear;0;;
1434885382952.58;EndAppear;0;;
1434885382969.26;EndAppear;0;;
1434885382985.91;EndAppear;0;;
1434885383002.56;EndAppear;0;;
1434885383019.35;EndAppear;0;;
1434885383051.35;EndAppear;0;;
1434885383068.01;EndAppear;0;;
1434885383091.2;EndAppear;0;;
1434885383107.98;EndAppear;0;;
1434885383125.06;EndAppear;0;;
1434885383141.59;EndAppear;0;;
1434885383158.28;EndAppear;0;;
1434885383174.8;EndAppear;0;;
1434885383191.61;EndAppear;0;;
1434885383207.2;EndAppear;0;;
1434885383223.9;EndAppear;0;;
1434885383251.5;EndAppear;0;;
1434885383268.16;EndAppear;0;;
1434885383287.38;EndAppear;0;;
1434885383304.07;EndAppear;0;;
1434885383320.64;EndAppear;0;;
1434885383337.19;EndAppear;0;;
1434885383353.97;EndAppear;0;;
1434885383371.83;EndAppear;0;;
1434885383389.01;EndAppear;0;;
1434885383405.13;EndAppear;0;;
1434885383427.18;EndAppear;0;;
1434885383451.36;EndAppear;0;;
1434885383468.08;EndAppear;0;;
1434885383487.37;EndAppear;0;;
1434885383504.32;EndAppear;0;;
1434885383520.62;EndAppear;0;;
1434885383537.09;EndAppear;0;;
1434885383553.96;EndAppear;0;;
1434885383570.29;EndAppear;0;;
1434885383587.4;EndAppear;0;;
1434885383604.12;EndAppear;0;;
1434885383620.81;EndAppear;0;;
1434885383637.27;EndAppear;0;;
1434885383667.06;EndAppear;0;;
1434885383687.58;EndAppear;0;;
1434885383704.27;EndAppear;0;;
1434885383723.64;EndAppear;0;;
1434885383740.57;EndAppear;0;;
1434885383757.56;EndAppear;0;;
1434885383773.44;EndAppear;0;;
1434885383790.25;EndAppear;0;;
1434885383806.84;EndAppear;0;;
1434885383823.48;EndAppear;0;;
1434885383840.2;EndAppear;0;;
1434885383856.37;EndAppear;0;;
1434885383883.25;EndAppear;0;;
1434885383903.11;EndAppear;0;;
1434885383919.81;EndAppear;0;;
1434885383936.23;EndAppear;0;;
1434885383953.03;EndAppear;0;;
1434885383971.54;EndAppear;0;;
1434885383988.2;EndAppear;0;;
1434885384004.86;EndAppear;0;;
1434885384021.6;EndAppear;0;;
1434885384038.12;EndAppear;0;;
1434885384055.23;EndAppear;0;;
1434885384087.48;EndAppear;0;;
1434885384111.19;EndAppear;0;;
1434885384127.97;EndAppear;0;;
1434885384144.81;EndAppear;0;;
1434885384161.26;EndAppear;0;;
1434885384178.23;EndAppear;0;;
1434885384194.17;EndAppear;0;;
1434885384211.37;EndAppear;0;;
1434885384228.24;EndAppear;0;;
1434885384244.76;EndAppear;0;;
1434885384260.44;EndAppear;0;;
1434885384287.57;EndAppear;0;;
1434885384304.27;EndAppear;0;;
1434885384320.94;EndAppear;0;;
1434885384337.23;EndAppear;0;;
1434885384367.33;EndAppear;0;;
1434885384387.15;EndAppear;0;;
1434885384403.84;EndAppear;0;;
1434885384424.83;EndAppear;0;;
