#Starting log sesion 12:59:52:550
%Timestamp;streamData
1434884392560.82;;
1434884392563.43;;
1434884393222.7;1;typeC;bearSprite;4;0;;
1434884393339.85;1;typeC;bearSprite;4;0;;
1434884393357.38;1;typeC;bearSprite;4;0;;
1434884393373.81;1;typeC;bearSprite;4;0;;
1434884393423.55;1;typeC;bearSprite;4;0;;
1434884393475.83;1;typeC;bearSprite;4;0;;
1434884393492.52;1;typeC;bearSprite;4;0;;
1434884393583.95;1;typeC;bearSprite;4;0;;
1434884393619.45;1;typeC;bearSprite;4;0;;
1434884393636.21;1;typeC;bearSprite;4;0;;
1434884393653.18;1;typeC;bearSprite;4;0;;
1434884393669.63;1;typeC;bearSprite;4;0;;
1434884393685.89;1;typeC;bearSprite;4;0;;
1434884393703.01;1;typeC;bearSprite;4;0;;
1434884393719.7;1;typeC;bearSprite;4;0;;
1434884393735.57;1;typeC;bearSprite;4;0;;
1434884393752.73;1;typeC;bearSprite;4;0;;
1434884393787.58;1;typeC;bearSprite;4;0;;
1434884393804.22;1;typeC;bearSprite;4;0;;
1434884393821.78;1;typeC;bearSprite;4;0;;
1434884393838.14;1;typeC;bearSprite;4;0;;
1434884393854.15;1;typeC;bearSprite;4;0;;
1434884393870.83;1;typeC;bearSprite;4;0;;
1434884393887.42;1;typeC;bearSprite;4;0;;
1434884393904.36;1;typeC;bearSprite;4;0;;
1434884393939.21;1;typeC;bearSprite;4;0;;
1434884393959.86;1;typeC;bearSprite;4;0;;
1434884393976.34;1;typeC;bearSprite;4;0;;
1434884393993.12;1;typeC;bearSprite;4;0;;
1434884394011.67;1;typeC;bearSprite;4;0;;
1434884394028.26;1;typeC;bearSprite;4;0;;
1434884394045;1;typeC;bearSprite;4;0;;
1434884394061.46;1;typeC;bearSprite;4;0;;
1434884394099.25;1;typeC;bearSprite;4;0;;
1434884394116.26;1;typeC;bearSprite;4;0;;
1434884394132.97;1;typeC;bearSprite;4;0;;
1434884394149.62;1;typeC;bearSprite;4;0;;
1434884394166.01;1;typeC;bearSprite;4;0;;
1434884394182.58;1;typeC;bearSprite;4;0;;
1434884394199.51;1;typeC;bearSprite;4;0;;
1434884394215.16;1;typeC;bearSprite;4;0;;
1434884394255.74;1;typeC;bearSprite;4;0;;
1434884394272.79;1;typeC;bearSprite;4;0;;
1434884394290.5;1;typeC;bearSprite;4;0;;
1434884394307.98;1;typeC;bearSprite;4;0;;
1434884394332.68;1;typeC;bearSprite;4;0;;
1434884394349.83;1;typeC;bearSprite;4;0;;
1434884394366.35;1;typeC;bearSprite;4;0;;
1434884394383.06;1;typeC;bearSprite;4;0;;
1434884394423.5;1;typeC;bearSprite;4;0;;
1434884394441.03;1;typeC;bearSprite;4;0;;
1434884394457.52;1;typeC;bearSprite;4;0;;
1434884394474;1;typeC;bearSprite;4;0;;
1434884394490.06;1;typeC;bearSprite;4;0;;
1434884394507.12;1;typeC;bearSprite;4;0;;
1434884394524.32;1;typeC;bearSprite;4;0;;
1434884394540.42;1;typeC;bearSprite;4;0;;
1434884394571.77;1;typeC;bearSprite;4;0;;
1434884394588.43;1;typeC;bearSprite;4;0;;
1434884394605.98;1;typeC;bearSprite;4;0;;
1434884394622.3;1;typeC;bearSprite;4;0;;
1434884394638.29;1;typeC;bearSprite;4;0;;
1434884394655.29;1;typeC;bearSprite;4;0;;
1434884394671.58;1;typeC;bearSprite;4;0;;
1434884394688.17;1;typeC;bearSprite;4;0;;
1434884394705.2;1;typeC;bearSprite;4;0;;
1434884394739.69;1;typeC;bearSprite;4;0;;
1434884394756.87;1;typeC;bearSprite;4;0;;
1434884394773.85;1;typeC;bearSprite;4;0;;
1434884394790.43;1;typeC;bearSprite;4;0;;
1434884394806.99;1;typeC;bearSprite;4;0;;
1434884394823.12;1;typeC;bearSprite;4;0;;
1434884394839.91;1;typeC;bearSprite;4;0;;
1434884394856.26;1;typeC;bearSprite;4;0;;
1434884394887.33;1;typeC;bearSprite;4;0;;
1434884394905;1;typeC;bearSprite;4;0;;
1434884394922.3;1;typeC;bearSprite;4;0;;
1434884394938.01;1;typeC;bearSprite;4;0;;
1434884394954.62;1;typeC;bearSprite;4;0;;
1434884394971.21;1;typeC;bearSprite;4;0;;
1434884394987.61;1;typeC;bearSprite;4;0;;
1434884395003.77;1;typeC;bearSprite;4;0;;
1434884395020.86;1;typeC;bearSprite;4;0;;
1434884395055.38;1;typeC;bearSprite;4;0;;
1434884395072.52;1;typeC;bearSprite;4;0;;
1434884395089.1;1;typeC;bearSprite;4;0;;
1434884395105.62;1;typeC;bearSprite;4;0;;
1434884395122.43;1;typeC;bearSprite;4;0;;
1434884395138.39;1;typeC;bearSprite;4;0;;
1434884395155.76;1;typeC;bearSprite;4;0;;
1434884395172.06;1;typeC;bearSprite;4;0;;
1434884395207.57;1;typeC;bearSprite;4;0;;
1434884395225.21;1;typeC;bearSprite;4;0;;
1434884395241.03;1;typeC;bearSprite;4;0;;
1434884395258.14;1;typeC;bearSprite;4;0;;
1434884395274.86;1;typeC;bearSprite;4;0;;
1434884395291.03;1;typeC;bearSprite;4;0;;
1434884395307.86;1;typeC;bearSprite;4;0;;
1434884395323.82;1;typeC;bearSprite;4;0;;
1434884395355.98;1;typeC;bearSprite;4;0;;
1434884395372.54;1;typeC;bearSprite;4;0;;
1434884395389.71;1;typeC;bearSprite;4;0;;
1434884395405.89;1;typeC;bearSprite;4;0;;
1434884395422.57;1;typeC;bearSprite;4;0;;
1434884395439.55;1;typeC;bearSprite;4;0;;
1434884395455.92;1;typeC;bearSprite;4;0;;
1434884395472.63;1;typeC;bearSprite;4;0;;
1434884395489.23;1;typeC;bearSprite;4;0;;
1434884395523.62;1;typeC;bearSprite;4;0;;
1434884395540.6;1;typeC;bearSprite;4;0;;
1434884395556.81;1;typeC;bearSprite;4;0;;
1434884395573.82;1;typeC;bearSprite;4;0;;
1434884395591.01;1;typeC;bearSprite;4;0;;
1434884395606.7;1;typeC;bearSprite;4;0;;
1434884395623.62;1;typeC;bearSprite;4;0;;
1434884395640.53;1;typeC;bearSprite;4;0;;
1434884395671.35;1;typeC;bearSprite;4;0;;
1434884395688.96;1;typeC;bearSprite;4;0;;
1434884395704.62;1;typeC;bearSprite;4;0;;
1434884395721.25;1;typeC;bearSprite;4;0;;
1434884395737.72;1;typeC;bearSprite;4;0;;
1434884395755.08;1;typeC;bearSprite;4;0;;
1434884395771.8;1;typeC;bearSprite;4;0;;
1434884395787.58;1;typeC;bearSprite;4;0;;
1434884395804.15;1;typeC;bearSprite;4;0;;
1434884395843.86;1;typeC;bearSprite;4;0;;
1434884395861.69;1;typeC;bearSprite;4;0;;
1434884395877.71;1;typeC;bearSprite;4;0;;
1434884395894.16;1;typeC;bearSprite;4;0;;
1434884395910.7;1;typeC;bearSprite;4;0;;
1434884395927.25;1;typeC;bearSprite;4;0;;
1434884395944.27;1;typeC;bearSprite;4;0;;
1434884395959.99;1;typeC;bearSprite;4;0;;
1434884395991.81;1;typeC;bearSprite;4;0;;
1434884396009.44;1;typeC;bearSprite;4;0;;
1434884396026.07;1;typeC;bearSprite;4;0;;
1434884396041.66;1;typeC;bearSprite;4;0;;
1434884396059.11;1;typeC;bearSprite;4;0;;
1434884396075.52;1;typeC;bearSprite;4;0;;
1434884396091.89;1;typeC;bearSprite;4;0;;
1434884396108.01;1;typeC;bearSprite;4;0;;
1434884396124.68;1;typeC;bearSprite;4;0;;
1434884396159.62;1;typeC;bearSprite;4;0;;
1434884396177.16;1;typeC;bearSprite;4;0;;
1434884396193.8;1;typeC;bearSprite;4;0;;
1434884396209.39;1;typeC;bearSprite;4;0;;
1434884396226.75;1;typeC;bearSprite;4;0;;
1434884396243.11;1;typeC;bearSprite;4;0;;
1434884396259.76;1;typeC;bearSprite;4;0;;
1434884396276.41;1;typeC;bearSprite;4;0;;
1434884396307.79;1;typeC;bearSprite;4;0;;
1434884396325.22;1;typeC;bearSprite;4;0;;
1434884396341.45;1;typeC;bearSprite;4;0;;
1434884396357.67;1;typeC;bearSprite;4;0;;
1434884396374.4;1;typeC;bearSprite;4;0;;
1434884396390.72;1;typeC;bearSprite;4;0;;
1434884396408.37;1;typeC;bearSprite;4;0;;
1434884396424.17;1;typeC;bearSprite;4;0;;
1434884396441.4;1;typeC;bearSprite;4;0;;
1434884396475.39;1;typeC;bearSprite;4;0;;
1434884396492.1;1;typeC;bearSprite;4;0;;
1434884396508.72;1;typeC;bearSprite;4;0;;
1434884396526.1;1;typeC;bearSprite;4;0;;
1434884396541.86;1;typeC;bearSprite;4;0;;
1434884396558.57;1;typeC;bearSprite;4;0;;
1434884396575.66;1;typeC;bearSprite;4;0;;
1434884396591.73;1;typeC;bearSprite;4;0;;
1434884396608.78;1;typeC;bearSprite;4;0;;
1434884396643.86;1;typeC;bearSprite;4;0;;
1434884396661.38;1;typeC;bearSprite;4;0;;
1434884396677.82;1;typeC;bearSprite;4;0;;
1434884396693.95;1;typeC;bearSprite;4;0;;
1434884396710.61;1;typeC;bearSprite;4;0;;
1434884396727.64;1;typeC;bearSprite;4;0;;
1434884396744.1;1;typeC;bearSprite;4;0;;
1434884396760.17;1;typeC;bearSprite;4;0;;
1434884396791.62;1;typeC;bearSprite;4;0;;
1434884396808.99;1;typeC;bearSprite;4;0;;
1434884396825.8;1;typeC;bearSprite;4;0;;
1434884396842.11;1;typeC;bearSprite;4;0;;
1434884396858.88;1;typeC;bearSprite;4;0;;
1434884396875.68;1;typeC;bearSprite;4;0;;
1434884396892.28;1;typeC;bearSprite;4;0;;
1434884396908.63;1;typeC;bearSprite;4;0;;
1434884396924.4;1;typeC;bearSprite;4;0;;
1434884396959.7;1;typeC;bearSprite;4;0;;
1434884396976.52;1;typeC;bearSprite;4;0;;
1434884396993.52;1;typeC;bearSprite;4;0;;
1434884397010.5;1;typeC;bearSprite;4;0;;
1434884397026.69;1;typeC;bearSprite;4;0;;
1434884397043.29;1;typeC;bearSprite;4;0;;
1434884397060.19;1;typeC;bearSprite;4;0;;
1434884397075.72;1;typeC;bearSprite;4;0;;
1434884397107.5;1;typeC;bearSprite;4;0;;
1434884397125.03;1;typeC;bearSprite;4;0;;
1434884397141.66;1;typeC;bearSprite;4;0;;
1434884397157.17;1;typeC;bearSprite;4;0;;
1434884397173.87;1;typeC;bearSprite;4;0;;
1434884397190.68;1;typeC;bearSprite;4;0;;
1434884397207.13;1;typeC;bearSprite;4;0;;
1434884397223.67;1;typeC;bearSprite;4;0;;
1434884397240.59;1;typeC;bearSprite;4;0;;
1434884397275.61;1;typeC;bearSprite;4;0;;
1434884397294.14;1;typeC;bearSprite;4;0;;
1434884397308.99;1;typeC;bearSprite;4;0;;
1434884397326.25;1;typeC;bearSprite;4;0;;
1434884397342.92;1;typeC;bearSprite;4;0;;
1434884397359.47;1;typeC;bearSprite;4;0;;
1434884397375.72;1;typeC;bearSprite;4;0;;
1434884397392.56;1;typeC;bearSprite;4;0;;
1434884397428.02;1;typeC;bearSprite;4;0;;
1434884397445.66;1;typeC;bearSprite;4;0;;
1434884397462.13;1;typeC;bearSprite;4;0;;
1434884397478.61;1;typeC;bearSprite;4;0;;
1434884397494.76;1;typeC;bearSprite;4;0;;
1434884397511.8;1;typeC;bearSprite;4;0;;
1434884397528.33;1;typeC;bearSprite;4;0;;
1434884397544.34;1;typeC;bearSprite;4;0;;
1434884397579.76;1;typeC;bearSprite;4;0;;
1434884397596.66;1;typeC;bearSprite;4;0;;
1434884397613.9;1;typeC;bearSprite;4;0;;
1434884397630.02;1;typeC;bearSprite;4;0;;
1434884397646.22;1;typeC;bearSprite;4;0;;
1434884397663.76;1;typeC;bearSprite;4;0;;
1434884397679.3;1;typeC;bearSprite;4;0;;
1434884397696.34;1;typeC;bearSprite;4;0;;
1434884397727.91;1;typeC;bearSprite;4;0;;
1434884397745.62;1;typeC;bearSprite;4;0;;
1434884397761.35;1;typeC;bearSprite;4;0;;
1434884397778.34;1;typeC;bearSprite;4;0;;
1434884397795.22;1;typeC;bearSprite;4;0;;
1434884397811.37;1;typeC;bearSprite;4;0;;
1434884397828.13;1;typeC;bearSprite;4;0;;
1434884397844.57;1;typeC;bearSprite;4;0;;
1434884397861.16;occluderUp;;
1434884397895.7;occluderUp;;
1434884397915.59;occluderUp;;
1434884397936.01;occluderUp;;
1434884397952.59;occluderUp;;
1434884397969.33;occluderUp;;
1434884397985.96;occluderUp;;
1434884398002.44;occluderUp;;
1434884398019.15;occluderUp;;
1434884398059.85;occluderUp;;
1434884398076.35;occluderUp;;
1434884398094.15;occluderUp;;
1434884398110.23;occluderUp;;
1434884398127.13;occluderUp;;
1434884398143.53;occluderUp;;
1434884398160.17;occluderUp;;
1434884398176.64;occluderUp;;
1434884398215.93;occluderUp;;
1434884398233.24;occluderUp;;
1434884398250.05;occluderUp;;
1434884398265.68;occluderUp;;
1434884398283.17;occluderUp;;
1434884398299.77;occluderUp;;
1434884398316.26;occluderUp;;
1434884398332.65;occluderUp;;
1434884398359.64;occluderUp;;
1434884398376.25;occluderUp;;
1434884398392.95;occluderUp;;
1434884398409.5;occluderUp;;
1434884398426.25;occluderUp;;
1434884398442.9;occluderUp;;
1434884398459.58;occluderUp;;
1434884398475.71;occluderUp;;
1434884398492.37;occluderUp;;
1434884398532.18;occluderUp;;
1434884398548.92;occluderUp;;
1434884398566.35;occluderUp;;
1434884398582.84;occluderUp;;
1434884398598.98;occluderUp;;
1434884398616.05;occluderUp;;
1434884398631.88;occluderUp;;
1434884398649.12;occluderUp;;
1434884398675.62;occluderUp;;
1434884398692.46;occluderUp;;
1434884398709.37;occluderUp;;
1434884398725.61;occluderUp;;
1434884398742.74;occluderUp;;
1434884398758.57;occluderUp;;
1434884398775.96;occluderUp;;
1434884398791.98;occluderUp;;
1434884398827.7;occluderUp;;
1434884398844.81;occluderUp;;
1434884398861.9;occluderUp;;
1434884398877.5;occluderUp;;
1434884398894.67;occluderUp;;
1434884398911.32;occluderUp;;
1434884398927.12;occluderUp;;
1434884398943.9;occluderUp;;
1434884398960.59;occluderUp;;
1434884399000.02;occluderUp;;
1434884399019.87;occluderUp;;
1434884399036.41;occluderUp;;
1434884399053.22;occluderUp;;
1434884399069.84;occluderUp;;
1434884399086.27;occluderUp;;
1434884399104;occluderUp;;
1434884399148.18;occluderUp;;
1434884399164.84;occluderUp;;
1434884399182.21;occluderUp;;
1434884399198.62;occluderUp;;
1434884399215.29;occluderUp;;
1434884399231.48;occluderUp;;
1434884399247.66;occluderUp;;
1434884399264.38;occluderUp;;
1434884399281.79;occluderUp;;
1434884399315.81;occluderUp;;
1434884399332.51;occluderUp;;
1434884399350.11;occluderUp;;
1434884399366.18;occluderUp;;
1434884399383.12;occluderUp;;
1434884399398.89;occluderUp;;
1434884399416.34;occluderUp;;
1434884399432.07;occluderUp;;
1434884399463.93;occluderUp;;
1434884399481.44;occluderUp;;
1434884399497.4;occluderUp;;
1434884399514.53;occluderUp;;
1434884399530.4;occluderUp;;
1434884399547.55;occluderUp;;
1434884399565.12;occluderUp;;
1434884399580.45;occluderUp;;
1434884399597.4;occluderUp;;
1434884399631.99;occluderUp;;
1434884399648.88;occluderUp;;
1434884399665.32;occluderUp;;
1434884399682.49;occluderUp;;
1434884399698.83;occluderUp;;
1434884399715.3;occluderUp;;
1434884399731.79;occluderUp;;
1434884399748.85;occluderUp;;
1434884399779.89;occluderUp;;
1434884399796.97;occluderUp;;
1434884399814.06;occluderUp;;
1434884399830.58;occluderUp;;
1434884399846.92;occluderUp;;
1434884399863.61;occluderUp;;
1434884399880.25;occluderUp;;
1434884399895.79;occluderUp;;
1434884399912.51;occluderUp;;
1434884399947.79;occluderUp;;
1434884399964.53;occluderUp;;
1434884399981.96;occluderUp;;
1434884399997.93;occluderUp;;
1434884400014.29;occluderUp;;
1434884400030.75;occluderUp;;
1434884400047.2;occluderUp;;
1434884400064.72;occluderUp;;
1434884400100.28;occluderUp;;
1434884400117.63;occluderUp;;
1434884400133.83;occluderUp;;
1434884400150.28;occluderUp;;
1434884400168.07;occluderUp;;
1434884400183.84;occluderUp;;
1434884400200.32;occluderUp;;
1434884400216.4;occluderUp;;
1434884400247.86;occluderUp;;
1434884400265.19;occluderUp;;
1434884400282;occluderUp;;
1434884400298.55;occluderUp;;
1434884400315.33;occluderUp;;
1434884400330.84;occluderUp;;
1434884400347.4;occluderUp;;
1434884400364.82;objGrabbed;0;stim_left;;
1434884400381.18;objGrabbed;0;stim_left;;
1434884400416.03;objGrabbed;0;stim_left;;
1434884400433.56;objGrabbed;0;stim_left;;
1434884400449.78;objGrabbed;0;stim_left;;
1434884400466.13;objGrabbed;0;stim_left;;
1434884400483.35;objGrabbed;0;stim_left;;
1434884400501.26;objGrabbed;0;stim_left;;
1434884400516.33;objGrabbed;0;stim_left;;
1434884400534.06;objGrabbed;0;stim_left;;
1434884400564.08;objGrabbed;0;stim_left;;
1434884400581.63;objGrabbed;0;stim_left;;
1434884400597.2;objGrabbed;0;stim_left;;
1434884400614.01;objGrabbed;0;stim_left;;
1434884400630.82;objGrabbed;0;stim_left;;
1434884400647.12;objGrabbed;0;stim_left;;
1434884400664.08;objGrabbed;0;stim_left;;
1434884400680.81;objGrabbed;0;stim_left;;
1434884400697.35;objGrabbed;0;stim_left;;
1434884400731.92;objGrabbed;0;stim_left;;
1434884400749.5;objGrabbed;0;stim_left;;
1434884400765.41;objGrabbed;0;stim_left;;
1434884400782.63;objGrabbed;0;stim_left;;
1434884400798.7;objGrabbed;0;stim_left;;
1434884400815.65;objGrabbed;0;stim_left;;
1434884400832.23;objGrabbed;0;stim_left;;
1434884400848.03;objGrabbed;0;stim_left;;
1434884400879.86;objGrabbed;0;stim_left;;
1434884400896.5;objGrabbed;0;stim_left;;
1434884400913.61;objGrabbed;0;stim_left;;
1434884400929.7;objGrabbed;0;stim_left;;
1434884400947.49;objGrabbed;0;stim_left;;
1434884400963.05;objGrabbed;0;stim_left;;
1434884400980.2;objGrabbed;0;stim_left;;
1434884400996.04;objGrabbed;0;stim_left;;
1434884401032.14;objGrabbed;0;stim_left;;
1434884401049.56;objGrabbed;0;stim_left;;
1434884401066.35;objGrabbed;0;stim_left;;
1434884401082.52;objGrabbed;0;stim_left;;
1434884401099.24;objGrabbed;0;stim_left;;
1434884401114.91;objGrabbed;0;stim_left;;
1434884401131.9;objGrabbed;0;stim_left;;
1434884401148.43;objGrabbed;0;stim_left;;
1434884401165.2;objGrabbed;0;stim_left;;
1434884401200.26;objGrabbed;0;stim_left;;
1434884401217.67;objGrabbed;0;stim_left;;
1434884401233.71;objGrabbed;0;stim_left;;
1434884401251.14;objGrabbed;0;stim_left;;
1434884401267.08;objGrabbed;0;stim_left;;
1434884401283.32;objGrabbed;0;stim_left;;
1434884401299.84;objGrabbed;0;stim_left;;
1434884401316.47;objGrabbed;0;stim_left;;
1434884401347.9;objGrabbed;0;stim_left;;
1434884401365.03;objGrabbed;0;stim_left;;
1434884401381.8;LeftGrabbed;;
1434884401398.18;LeftGrabbed;;
1434884401414.99;LeftGrabbed;;
1434884401431.75;LeftGrabbed;;
1434884401447.63;LeftGrabbed;;
1434884401464.73;LeftGrabbed;;
1434884401480.46;LeftGrabbed;;
1434884401524.01;LeftGrabbed;;
1434884401540.64;LeftGrabbed;;
1434884401557.15;LeftGrabbed;;
1434884401575.94;LeftGrabbed;;
1434884401592.62;LeftGrabbed;;
1434884401609.2;LeftGrabbed;;
1434884401625.96;LeftGrabbed;;
1434884401668.21;LeftGrabbed;;
1434884401685.24;LeftGrabbed;;
1434884401701.68;LeftGrabbed;;
1434884401718.49;LeftGrabbed;;
1434884401735.7;LeftGrabbed;;
1434884401751.94;LeftGrabbed;;
1434884401768.33;LeftGrabbed;;
1434884401785.04;LeftGrabbed;;
1434884401816.07;LeftGrabbed;;
1434884401833.66;LeftGrabbed;;
1434884401849.41;LeftGrabbed;;
1434884401866.46;LeftGrabbed;;
1434884401883.15;LeftGrabbed;;
1434884401898.86;LeftGrabbed;;
1434884401916.5;LeftGrabbed;;
1434884401933.1;LeftGrabbed;;
1434884401949.52;LeftGrabbed;;
1434884401983.85;LeftGrabbed;;
1434884402001.46;LeftGrabbed;;
1434884402017.92;LeftGrabbed;;
1434884402033.89;LeftGrabbed;;
1434884402050.23;LeftGrabbed;;
1434884402067;LeftGrabbed;;
1434884402083.7;LeftGrabbed;;
1434884402099.9;LeftGrabbed;;
1434884402136.01;LeftGrabbed;;
1434884402152.84;LeftGrabbed;;
1434884402169.37;LeftGrabbed;;
1434884402186.43;LeftGrabbed;;
1434884402202.66;LeftGrabbed;;
1434884402220.51;LeftGrabbed;;
1434884402236.5;LeftGrabbed;;
1434884402253.01;LeftGrabbed;;
1434884402288.22;LeftGrabbed;;
1434884402308.19;LeftGrabbed;;
1434884402328.39;LeftGrabbed;;
1434884402345.03;LeftGrabbed;;
1434884402361.73;LeftGrabbed;;
1434884402378.23;LeftGrabbed;;
1434884402394.99;LeftGrabbed;;
1434884402411.6;LeftGrabbed;;
1434884402452.23;LeftGrabbed;;
1434884402469.16;LeftGrabbed;;
1434884402486.38;LeftGrabbed;;
1434884402502.17;LeftGrabbed;;
1434884402519.12;LeftGrabbed;;
1434884402535.97;LeftGrabbed;;
1434884402552.46;LeftGrabbed;;
1434884402568.29;LeftGrabbed;;
1434884402608.13;LeftGrabbed;;
1434884402624.79;LeftGrabbed;;
1434884402644.19;LeftGrabbed;;
1434884402660.86;LeftGrabbed;;
1434884402677.36;LeftGrabbed;;
1434884402694.14;LeftGrabbed;;
1434884402710.78;LeftGrabbed;;
1434884402728.32;LeftGrabbed;;
1434884402772.56;LeftGrabbed;;
1434884402790.15;LeftGrabbed;;
1434884402805.84;LeftGrabbed;;
1434884402823.32;LeftGrabbed;;
1434884402839.85;LeftGrabbed;;
1434884402855.62;LeftGrabbed;;
1434884402872.14;LeftGrabbed;;
1434884402889.18;LeftGrabbed;;
1434884402906.18;LeftGrabbed;;
1434884402936.02;LeftGrabbed;;
1434884402953.94;LeftGrabbed;;
1434884402969.78;LeftGrabbed;;
1434884402985.97;LeftGrabbed;;
1434884403003.36;LeftGrabbed;;
1434884403019.88;LeftGrabbed;;
1434884403036.05;LeftGrabbed;;
1434884403052.25;LeftGrabbed;;
1434884403068.9;LeftGrabbed;;
1434884403104.54;occluderDown;;
1434884403121.95;occluderDown;;
1434884403138.68;occluderDown;;
1434884403154.23;occluderDown;;
1434884403171.18;occluderDown;;
1434884403188.32;occluderDown;;
1434884403204.28;occluderDown;;
1434884403221.61;occluderDown;;
1434884403256.53;occluderDown;;
1434884403274.18;occluderDown;;
1434884403289.86;occluderDown;;
1434884403306.9;occluderDown;;
1434884403322.93;occluderDown;;
1434884403339.69;occluderDown;;
1434884403356.67;occluderDown;;
1434884403373.52;occluderDown;;
1434884403404.3;occluderDown;;
1434884403421.17;occluderDown;;
1434884403438.13;occluderDown;;
1434884403454.36;occluderDown;;
1434884403470.71;occluderDown;;
1434884403487.88;occluderDown;;
1434884403504.83;occluderDown;;
1434884403521.24;occluderDown;;
1434884403537.71;occluderDown;;
1434884403568.05;occluderDown;;
1434884403585.62;occluderDown;;
1434884403601.84;occluderDown;;
1434884403618.32;occluderDown;;
1434884403635.02;occluderDown;;
1434884403651.73;occluderDown;;
1434884403668.39;occluderDown;;
1434884403684.42;occluderDown;;
1434884403720.12;occluderDown;;
1434884403737.22;occluderDown;;
1434884403753.7;occluderDown;;
1434884403770.27;occluderDown;;
1434884403786.76;occluderDown;;
1434884403803.25;occluderDown;;
1434884403820.44;occluderDown;;
1434884403836.5;occluderDown;;
1434884403853.69;occluderDown;;
1434884403888.16;occluderDown;;
1434884403905.92;occluderDown;;
1434884403921.87;occluderDown;;
1434884403938.04;occluderDown;;
1434884403955.18;occluderDown;;
1434884403971.11;occluderDown;;
1434884403988.43;occluderDown;;
1434884404004.37;occluderDown;;
1434884404044.74;occluderDown;;
1434884404062.29;occluderDown;;
1434884404078.56;occluderDown;;
1434884404095.41;occluderDown;;
1434884404111.82;occluderDown;;
1434884404128.6;occluderDown;;
1434884404145.12;occluderDown;;
1434884404161.68;occluderDown;;
1434884404188.54;occluderDown;;
1434884404205.17;occluderDown;;
1434884404222.46;occluderDown;;
1434884404239.21;occluderDown;;
1434884404255.4;occluderDown;;
1434884404271.51;occluderDown;;
1434884404288.15;occluderDown;;
1434884404304.78;occluderDown;;
1434884404321.66;occluderDown;;
1434884404360.26;occluderDown;;
1434884404376.98;occluderDown;;
1434884404394.37;occluderDown;;
1434884404410.96;occluderDown;;
1434884404426.92;occluderDown;;
1434884404444.17;occluderDown;;
1434884404460.51;occluderDown;;
1434884404476.65;occluderDown;;
1434884404512.57;occluderDown;;
1434884404530.22;occluderDown;;
1434884404545.9;occluderDown;;
1434884404562.44;occluderDown;;
1434884404579.87;occluderDown;;
1434884404596.37;occluderDown;;
1434884404613.01;occluderDown;;
1434884404629.1;occluderDown;;
1434884404656.51;occluderDown;;
1434884404674.16;occluderDown;;
1434884404689.94;occluderDown;;
1434884404706.95;occluderDown;;
1434884404723.15;occluderDown;;
1434884404740.25;occluderDown;;
1434884404756.69;occluderDown;;
1434884404773.53;occluderDown;;
1434884404790.06;occluderDown;;
1434884404824.49;occluderDown;;
1434884404841.54;occluderDown;;
1434884404858.49;occluderDown;;
1434884404875.31;occluderDown;;
1434884404891.82;occluderDown;;
1434884404908.5;occluderDown;;
1434884404924.62;occluderDown;;
1434884404941.48;occluderDown;;
1434884404972.27;occluderDown;;
1434884404989.2;occluderDown;;
1434884405005.82;occluderDown;;
1434884405022.7;occluderDown;;
1434884405039.46;occluderDown;;
1434884405055.66;occluderDown;;
1434884405071.97;occluderDown;;
1434884405088.73;occluderDown;;
1434884405124.49;occluderDown;;
1434884405142.21;occluderDown;;
1434884405158.52;occluderDown;;
1434884405174.29;occluderDown;;
1434884405191.53;occluderDown;;
1434884405208.38;occluderDown;;
1434884405224.75;occluderDown;;
1434884405240.53;occluderDown;;
1434884405257.95;occluderDown;;
1434884405292.49;occluderDown;;
1434884405309.96;occluderDown;;
1434884405325.94;occluderDown;;
1434884405342.81;occluderDown;;
1434884405360.63;occluderDown;;
1434884405376.29;occluderDown;;
1434884405392.97;occluderDown;;
1434884405409.51;occluderDown;;
1434884405440.33;occluderDown;;
1434884405457.27;occluderDown;;
1434884405473.88;occluderDown;;
1434884405490.27;occluderDown;;
1434884405507.32;occluderDown;;
1434884405523.95;occluderDown;;
1434884405540.69;occluderDown;;
1434884405556.79;occluderDown;;
1434884405573.01;occluderDown;;
1434884405608.67;occluderDown;;
1434884405625.46;occluderDown;;
1434884405642.76;occluderDown;;
1434884405659.28;occluderDown;;
1434884405675.75;occluderDown;;
1434884405692.25;occluderDown;;
1434884405708.83;occluderDown;;
1434884405724.84;occluderDown;;
1434884405756.17;occluderDown;;
1434884405772.88;occluderDown;;
1434884405789.44;occluderDown;;
1434884405806.45;occluderDown;;
1434884405822.57;occluderDown;;
1434884405839.48;occluderDown;;
1434884405856.47;occluderDown;;
1434884405872.58;occluderDown;;
1434884405888.77;occluderDown;;
1434884405924.46;occluderDown;;
1434884405941.96;occluderDown;;
1434884405958.04;occluderDown;;
1434884405974.85;occluderDown;;
1434884405991.45;occluderDown;;
1434884406007.54;occluderDown;;
1434884406023.85;occluderDown;;
1434884406040.86;occluderDown;;
1434884406076.35;occluderDown;;
1434884406094.05;RunFromScr;;
1434884406110;RunFromScr;;
1434884406126.82;RunFromScr;;
1434884406143.65;RunFromScr;;
1434884406159.91;RunFromScr;;
1434884406176.66;RunFromScr;;
1434884406193.29;RunFromScr;;
1434884406209.94;RunFromScr;;
1434884406240.38;RunFromScr;;
1434884406256.91;RunFromScr;;
1434884406274;RunFromScr;;
1434884406290.47;RunFromScr;;
1434884406336.29;RunFromScr;;
1434884406352.86;RunFromScr;;
1434884406392.44;RunFromScr;;
1434884406410.05;RunFromScr;;
1434884406426.56;RunFromScr;;
1434884406442.48;RunFromScr;;
1434884406459.11;RunFromScr;;
1434884406475.99;RunFromScr;;
1434884406492.9;RunFromScr;;
1434884406509.38;RunFromScr;;
1434884406525.57;RunFromScr;;
1434884406560.22;RunFromScr;;
1434884406576.91;RunFromScr;;
1434884406593.79;RunFromScr;;
1434884406610.51;RunFromScr;;
1434884406626.96;RunFromScr;;
1434884406643.47;RunFromScr;;
1434884406660.12;RunFromScr;;
1434884406676.16;RunFromScr;;
1434884406708.32;RunFromScr;;
1434884406725.8;RunFromScr;;
1434884406742.08;RunFromScr;;
1434884406758.55;RunFromScr;;
1434884406775.16;RunFromScr;;
1434884406791.96;RunFromScr;;
1434884406808.49;RunFromScr;;
1434884406824.38;RunFromScr;;
1434884406864.37;RunFromScr;;
1434884406881.74;RunFromScr;;
1434884406898.07;RunFromScr;;
1434884406914.24;RunFromScr;;
1434884406931.23;RunFromScr;;
1434884406947.69;RunFromScr;;
1434884406964.4;RunFromScr;;
1434884406980.49;RunFromScr;;
1434884407012.12;RunFromScr;;
1434884407029.67;After_RunFromScr;;1;;
1434884407046.35;After_RunFromScr;;1;;
1434884407062.56;After_RunFromScr;;1;;
1434884407079.44;After_RunFromScr;;1;;
1434884407095.49;After_RunFromScr;;1;;
1434884407111.68;After_RunFromScr;;1;;
1434884407128.84;After_RunFromScr;;1;;
1434884407145.75;After_RunFromScr;;1;;
1434884407184.44;After_RunFromScr;;1;;
1434884407204.72;After_RunFromScr;;1;;
1434884407221.42;After_RunFromScr;;1;;
1434884407237.9;After_RunFromScr;;1;;
1434884407254.69;After_RunFromScr;;1;;
1434884407271.45;After_RunFromScr;;1;;
1434884407288.02;After_RunFromScr;;1;;
1434884407304.38;After_RunFromScr;;1;;
1434884407344.38;After_RunFromScr;;1;;
1434884407361.77;After_RunFromScr;;1;;
1434884407378.47;After_RunFromScr;;1;;
1434884407394.32;After_RunFromScr;;1;;
1434884407410.81;After_RunFromScr;;1;;
1434884407427.75;After_RunFromScr;;1;;
1434884407444.49;After_RunFromScr;;1;;
1434884407461.16;After_RunFromScr;;1;;
1434884407496.56;After_RunFromScr;;1;;
1434884407513.6;After_RunFromScr;;1;;
1434884407530.1;After_RunFromScr;;1;;
1434884407546.61;After_RunFromScr;;1;;
1434884407563.03;After_RunFromScr;;1;;
1434884407580.54;After_RunFromScr;;1;;
1434884407595.97;After_RunFromScr;;1;;
1434884407612.79;After_RunFromScr;;1;;
1434884407644.62;After_RunFromScr;;1;;
1434884407662.11;After_RunFromScr;;1;;
1434884407677.8;After_RunFromScr;;1;;
1434884407694.91;After_RunFromScr;;1;;
1434884407711.6;After_RunFromScr;;1;;
1434884407728.27;After_RunFromScr;;1;;
1434884407744.48;After_RunFromScr;;1;;
1434884407761.05;After_RunFromScr;;1;;
1434884407777.09;After_RunFromScr;;1;;
1434884407812.59;After_RunFromScr;;1;;
1434884407829.27;After_RunFromScr;;1;;
1434884407846.84;After_RunFromScr;;1;;
1434884407862.6;After_RunFromScr;;1;;
1434884407879.68;After_RunFromScr;;1;;
1434884407896.19;After_RunFromScr;;1;;
1434884407912.91;After_RunFromScr;;1;;
1434884407928.74;After_RunFromScr;;1;;
1434884407960.33;After_RunFromScr;;1;;
1434884407977;After_RunFromScr;;1;;
1434884407993.8;After_RunFromScr;;1;;
1434884408010.74;After_RunFromScr;;1;;
1434884408027.03;After_RunFromScr;;1;;
1434884408044.11;After_RunFromScr;;1;;
1434884408060.68;After_RunFromScr;;1;;
1434884408076.47;After_RunFromScr;;1;;
1434884408112.42;After_RunFromScr;;1;;
1434884408130.04;After_RunFromScr;;1;;
1434884408146.36;After_RunFromScr;;1;;
1434884408162.71;After_RunFromScr;;1;;
1434884408178.88;After_RunFromScr;;1;;
1434884408196.03;After_RunFromScr;;1;;
1434884408212.31;After_RunFromScr;;1;;
1434884408228.79;After_RunFromScr;;1;;
1434884408245.1;After_RunFromScr;;1;;
1434884408262;After_RunFromScr;;1;;
1434884408278.66;After_RunFromScr;;1;;
1434884408295.47;After_RunFromScr;;1;;
1434884408312.07;After_RunFromScr;;1;;
1434884408328.26;After_RunFromScr;;1;;
1434884408345.46;After_RunFromScr;;1;;
1434884408361.22;After_RunFromScr;;1;;
1434884408377.97;After_RunFromScr;;1;;
1434884408394.22;After_RunFromScr;;1;;
1434884408411.41;After_RunFromScr;;1;;
1434884408427.27;After_RunFromScr;;1;;
1434884408443.97;After_RunFromScr;;1;;
1434884408460.73;After_RunFromScr;;1;;
1434884408477.07;After_RunFromScr;;1;;
1434884408494.04;After_RunFromScr;;1;;
1434884408510.7;After_RunFromScr;;1;;
1434884408527.07;After_RunFromScr;;1;;
1434884408543.26;After_RunFromScr;;1;;
1434884408560.03;After_RunFromScr;;1;;
1434884408576.41;After_RunFromScr;;1;;
1434884408593.35;After_RunFromScr;;1;;
1434884408610.05;After_RunFromScr;;1;;
1434884408626.67;After_RunFromScr;;1;;
1434884408642.83;After_RunFromScr;;1;;
1434884408659.5;After_RunFromScr;;1;;
1434884408675.99;After_RunFromScr;;1;;
1434884408692.68;After_RunFromScr;;1;;
1434884408709.13;After_RunFromScr;;1;;
1434884408725.46;After_RunFromScr;;1;;
1434884408742.69;After_RunFromScr;;1;;
1434884408758.43;After_RunFromScr;;1;;
1434884408775.14;After_RunFromScr;;1;;
1434884408792.02;After_RunFromScr;;1;;
1434884408808.7;After_RunFromScr;;1;;
1434884408825.38;After_RunFromScr;;1;;
1434884408841.45;After_RunFromScr;;1;;
1434884408857.83;After_RunFromScr;;1;;
1434884408874.73;After_RunFromScr;;1;;
1434884408891.33;After_RunFromScr;;1;;
1434884408908.03;After_RunFromScr;;1;;
1434884408924.29;After_RunFromScr;;1;;
1434884408940.77;After_RunFromScr;;1;;
1434884408957.35;After_RunFromScr;;1;;
1434884408974.05;After_RunFromScr;;1;;
1434884408990.69;After_RunFromScr;;1;;
1434884409007.11;After_RunFromScr;;1;;
1434884409024.77;After_RunFromScr;;1;;
1434884409041.43;After_RunFromScr;;1;;
1434884409057.99;After_RunFromScr;;1;;
1434884409074.79;After_RunFromScr;;1;;
1434884409091.38;After_RunFromScr;;1;;
1434884409108.78;After_RunFromScr;;1;;
1434884409125.42;After_RunFromScr;;1;;
1434884409142.08;After_RunFromScr;;1;;
1434884409158.59;After_RunFromScr;;1;;
1434884409175.3;After_RunFromScr;;1;;
1434884409192.01;After_RunFromScr;;1;;
1434884409209.01;After_RunFromScr;;1;;
1434884409225.75;After_RunFromScr;;1;;
1434884409242.41;After_RunFromScr;;1;;
1434884409258.89;After_RunFromScr;;1;;
1434884409275.54;After_RunFromScr;;1;;
1434884409292.66;After_RunFromScr;;1;;
1434884409309.31;After_RunFromScr;;1;;
1434884409325.88;After_RunFromScr;;1;;
1434884409342.59;After_RunFromScr;;1;;
1434884409359.17;After_RunFromScr;;1;;
1434884409375.61;After_RunFromScr;;1;;
1434884409392.83;After_RunFromScr;;1;;
1434884409409.53;After_RunFromScr;;1;;
1434884409426.31;After_RunFromScr;;1;;
1434884409442.9;After_RunFromScr;;1;;
1434884409459.43;After_RunFromScr;;1;;
1434884409475.96;After_RunFromScr;;1;;
1434884409492.74;After_RunFromScr;;1;;
1434884409508.86;After_RunFromScr;;1;;
1434884409525.56;After_RunFromScr;;1;;
1434884409542.17;After_RunFromScr;;1;;
1434884409558.72;After_RunFromScr;;1;;
1434884409575.61;After_RunFromScr;;1;;
1434884409592.89;After_RunFromScr;;1;;
1434884409609.66;After_RunFromScr;;1;;
1434884409626.28;After_RunFromScr;;1;;
1434884409642.86;After_RunFromScr;;1;;
1434884409659.51;After_RunFromScr;;1;;
1434884409675.82;After_RunFromScr;;1;;
1434884409693.12;After_RunFromScr;;1;;
1434884409709.86;After_RunFromScr;;1;;
1434884409726.47;After_RunFromScr;;1;;
1434884409743.04;After_RunFromScr;;1;;
1434884409760.7;After_RunFromScr;;1;;
1434884409777.57;After_RunFromScr;;1;;
1434884409793.94;After_RunFromScr;;1;;
1434884409810.67;After_RunFromScr;;1;;
1434884409827.05;After_RunFromScr;;1;;
1434884409844.04;After_RunFromScr;;1;;
1434884409860.52;After_RunFromScr;;1;;
1434884409877.06;After_RunFromScr;;1;;
1434884409893.81;After_RunFromScr;;1;;
1434884409910.49;After_RunFromScr;;1;;
1434884409927.16;After_RunFromScr;;1;;
1434884409943.72;After_RunFromScr;;1;;
1434884409960.4;After_RunFromScr;;1;;
1434884409976.53;After_RunFromScr;;1;;
1434884409993.16;After_RunFromScr;;1;;
1434884410009.77;After_RunFromScr;;1;;
1434884410026.51;After_RunFromScr;;1;;
1434884410042.94;After_RunFromScr;;1;;
1434884410060.91;After_RunFromScr;;1;;
1434884410077.53;After_RunFromScr;;1;;
1434884410094.27;After_RunFromScr;;1;;
1434884410110.8;After_RunFromScr;;1;;
1434884410127.62;After_RunFromScr;;1;;
1434884410144.3;After_RunFromScr;;1;;
1434884410178.5;After_RunFromScr;;1;;
