#Starting log sesion 11:38:01:048
%Timestamp;streamData
1434965881107.81;;
1434965881157.74;;
1434965881573.55;;
1434965881724.11;;
1434965881743.63;;
1434965881760.33;;
1434965881780;;
1434965881797.12;;
1434965881813.46;;
1434965881830.01;;
1434965881846.56;;
1434965881864.03;;
1434965881881.14;;
1434965881897.32;;
1434965881913.91;;
1434965881930.56;;
1434965881947.24;;
1434965881963.86;;
1434965881980.51;;
1434965881997.05;;
1434965882013.29;;
1434965882030;;
1434965882046.58;;
1434965882063.22;;
1434965882079.94;;
1434965882095.82;;
1434965882113.17;;
1434965882129.27;;
1434965882145.79;;
1434965882162.59;;
1434965882178.71;;
1434965882195.78;;
1434965882211.9;;
1434965882228.54;;
1434965882245.19;;
1434965882261.91;;
1434965882278.42;;
1434965882295.61;;
1434965882312.26;;
1434965882328.91;;
1434965882345.47;;
1434965882362.23;;
1434965882378.67;;
1434965882395.83;;
1434965882419.52;;
1434965882436.25;;
1434965882545.61;;
1434965882562.99;;
1434965882636.11;1;typeD;startStimuli;2;0;;
1434965882643.67;1;typeD;startStimuli;2;0;;
1434965882695.92;1;typeD;startStimuli;2;0;;
1434965882727.66;1;typeD;startStimuli;2;0;;
1434965882744.19;1;typeD;startStimuli;2;0;;
1434965882763.97;1;typeD;startStimuli;2;0;;
1434965882780.59;1;typeD;startStimuli;2;0;;
1434965882803.72;1;typeD;startStimuli;2;0;;
1434965882820.86;1;typeD;startStimuli;2;0;;
1434965882837.29;1;typeD;startStimuli;2;0;;
1434965882854.05;1;typeD;startStimuli;2;0;;
1434965882870.73;1;typeD;startStimuli;2;0;;
1434965882886.8;1;typeD;startStimuli;2;0;;
1434965882903.89;1;typeD;startStimuli;2;0;;
1434965882919.86;1;typeD;startStimuli;2;0;;
1434965882937.16;1;typeD;startStimuli;2;0;;
1434965882953.43;1;typeD;startStimuli;2;0;;
1434965882970.38;1;typeD;startStimuli;2;0;;
1434965882986.67;1;typeD;startStimuli;2;0;;
1434965883003.38;1;typeD;startStimuli;2;0;;
1434965883019.97;1;typeD;startStimuli;2;0;;
1434965883035.98;1;typeD;startStimuli;2;0;;
1434965883052.27;1;typeD;startStimuli;2;0;;
1434965883069.33;1;typeD;startStimuli;2;0;;
1434965883085.7;1;typeD;startStimuli;2;0;;
1434965883102.44;1;typeD;startStimuli;2;0;;
1434965883118.59;1;typeD;startStimuli;2;0;;
1434965883135.83;1;typeD;startStimuli;2;0;;
1434965883151.71;1;typeD;startStimuli;2;0;;
1434965883168.92;1;typeD;startStimuli;2;0;;
1434965883185.66;1;typeD;startStimuli;2;0;;
1434965883201.64;1;typeD;startStimuli;2;0;;
1434965883218.46;1;typeD;startStimuli;2;0;;
1434965883255.94;1;typeD;startStimuli;2;0;;
1434965883272.56;1;typeD;startStimuli;2;0;;
1434965883290.1;1;typeD;startStimuli;2;0;;
1434965883305.76;1;typeD;startStimuli;2;0;;
1434965883322.96;1;typeD;startStimuli;2;0;;
1434965883339.84;1;typeD;startStimuli;2;0;;
1434965883363.59;1;typeD;startStimuli;2;0;;
1434965883380.23;1;typeD;startStimuli;2;0;;
1434965883396.77;1;typeD;startStimuli;2;0;;
1434965883413.61;1;typeD;startStimuli;2;0;;
1434965883432.24;1;typeD;startStimuli;2;0;;
1434965883449.31;1;typeD;startStimuli;2;0;;
1434965883465.27;1;typeD;startStimuli;2;0;;
1434965883482.04;1;typeD;startStimuli;2;0;;
1434965883498.72;1;typeD;startStimuli;2;0;;
1434965883515.36;1;typeD;startStimuli;2;0;;
1434965883532.03;1;typeD;startStimuli;2;0;;
1434965883548.67;1;typeD;startStimuli;2;0;;
1434965883565.32;1;typeD;startStimuli;2;0;;
1434965883581.98;1;typeD;startStimuli;2;0;;
1434965883598.31;1;typeD;startStimuli;2;0;;
1434965883615.28;1;typeD;startStimuli;2;0;;
1434965883631.97;1;typeD;startStimuli;2;0;;
1434965883648.15;1;typeD;startStimuli;2;0;;
1434965883664.91;1;typeD;startStimuli;2;0;;
1434965883681.46;1;typeD;startStimuli;2;0;;
1434965883698.05;1;typeD;startStimuli;2;0;;
1434965883714.63;1;typeD;startStimuli;2;0;;
1434965883732.03;1;typeD;startStimuli;2;0;;
1434965883748.66;1;typeD;startStimuli;2;0;;
1434965883765.29;1;typeD;startStimuli;2;0;;
1434965883781.95;1;typeD;startStimuli;2;0;;
1434965883798.41;1;typeD;startStimuli;2;0;;
1434965883815.27;1;typeD;startStimuli;2;0;;
1434965883831.97;1;typeD;startStimuli;2;0;;
1434965883848.59;1;typeD;startStimuli;2;0;;
1434965883865.27;1;typeD;startStimuli;2;0;;
1434965883884.17;1;typeD;startStimuli;2;0;;
1434965883901.37;1;typeD;startStimuli;2;0;;
1434965883917.32;1;typeD;startStimuli;2;0;;
1434965883934.03;1;typeD;startStimuli;2;0;;
1434965883950.73;1;typeD;startStimuli;2;0;;
1434965883967.36;1;typeD;startStimuli;2;0;;
1434965883984.01;1;typeD;startStimuli;2;0;;
1434965884000.64;1;typeD;startStimuli;2;0;;
1434965884016.79;1;typeD;startStimuli;2;0;;
1434965884033.4;1;typeD;startStimuli;2;0;;
1434965884050.04;1;typeD;startStimuli;2;0;;
1434965884066.71;1;typeD;startStimuli;2;0;;
1434965884083.34;1;typeD;startStimuli;2;0;;
1434965884100.07;1;typeD;startStimuli;2;0;;
1434965884117.18;1;typeD;startStimuli;2;0;;
1434965884133.34;1;typeD;startStimuli;2;0;;
1434965884149.95;1;typeD;startStimuli;2;0;;
1434965884166.79;1;typeD;startStimuli;2;0;;
1434965884183.33;1;typeD;startStimuli;2;0;;
1434965884200.06;1;typeD;startStimuli;2;0;;
1434965884216.59;1;typeD;startStimuli;2;0;;
1434965884233.4;1;typeD;startStimuli;2;0;;
1434965884260.07;1;typeD;startStimuli;2;0;;
1434965884276.69;1;typeD;startStimuli;2;0;;
1434965884293.25;1;typeD;startStimuli;2;0;;
1434965884310.72;1;typeD;startStimuli;2;0;;
1434965884327.28;1;typeD;startStimuli;2;0;;
1434965884343.22;1;typeD;startStimuli;2;0;;
1434965884359.54;1;typeD;startStimuli;2;0;;
1434965884376.06;1;typeD;startStimuli;2;0;;
1434965884393.6;1;typeD;startStimuli;2;0;;
1434965884409.37;1;typeD;startStimuli;2;0;;
1434965884426.37;1;typeD;startStimuli;2;0;;
1434965884442.39;1;typeD;startStimuli;2;0;;
1434965884459.17;1;typeD;startStimuli;2;0;;
1434965884475.97;1;typeD;startStimuli;2;0;;
1434965884493.05;1;typeD;startStimuli;2;0;;
1434965884508.68;1;typeD;startStimuli;2;0;;
1434965884525.82;1;typeD;startStimuli;2;0;;
1434965884542.73;1;typeD;startStimuli;2;0;;
1434965884559.24;1;typeD;startStimuli;2;0;;
1434965884575.92;1;typeD;startStimuli;2;0;;
1434965884592.42;1;typeD;startStimuli;2;0;;
1434965884608.93;1;typeD;startStimuli;2;0;;
1434965884624.69;1;typeD;startStimuli;2;0;;
1434965884642.04;1;typeD;startStimuli;2;0;;
1434965884657.63;1;typeD;startStimuli;2;0;;
1434965884675.16;1;typeD;startStimuli;2;0;;
1434965884690.83;1;typeD;startStimuli;2;0;;
1434965884708.18;1;typeD;startStimuli;2;0;;
1434965884724.9;1;typeD;startStimuli;2;0;;
1434965884741.44;1;typeD;startStimuli;2;0;;
1434965884757.89;1;typeD;startStimuli;2;0;;
1434965884774.21;1;typeD;startStimuli;2;0;;
1434965884790.55;1;typeD;startStimuli;2;0;;
1434965884806.93;1;typeD;startStimuli;2;0;;
1434965884824.2;1;typeD;startStimuli;2;0;;
1434965884840.14;1;typeD;startStimuli;2;0;;
1434965884856.67;1;typeD;startStimuli;2;0;;
1434965884873.96;1;typeD;startStimuli;2;0;;
1434965884890.19;1;typeD;startStimuli;2;0;;
1434965884906.87;1;typeD;startStimuli;2;0;;
1434965884922.8;1;typeD;startStimuli;2;0;;
1434965884939.43;1;typeD;startStimuli;2;0;;
1434965884956.17;1;typeD;startStimuli;2;0;;
1434965884972.91;1;typeD;startStimuli;2;0;;
1434965884989.39;1;typeD;startStimuli;2;0;;
1434965885006.32;1;typeD;startStimuli;2;0;;
1434965885022.31;1;typeD;startStimuli;2;0;;
1434965885038.63;1;typeD;startStimuli;2;0;;
1434965885055.56;1;typeD;startStimuli;2;0;;
1434965885072.22;1;typeD;startStimuli;2;0;;
1434965885088.85;1;typeD;startStimuli;2;0;;
1434965885105.64;1;typeD;startStimuli;2;0;;
1434965885122.16;1;typeD;startStimuli;2;0;;
1434965885138.73;1;typeD;startStimuli;2;0;;
1434965885154.88;1;typeD;startStimuli;2;0;;
1434965885171.33;1;typeD;startStimuli;2;0;;
1434965885188.24;1;typeD;startStimuli;2;0;;
1434965885204.87;1;typeD;startStimuli;2;0;;
1434965885221.44;1;typeD;startStimuli;2;0;;
1434965885237.73;1;typeD;startStimuli;2;0;;
1434965885254.24;1;typeD;startStimuli;2;0;;
1434965885270.83;1;typeD;startStimuli;2;0;;
1434965885287.49;1;typeD;startStimuli;2;0;;
1434965885303.84;1;typeD;startStimuli;2;0;;
1434965885320.79;1;typeD;startStimuli;2;0;;
1434965885337.36;1;typeD;startStimuli;2;0;;
1434965885353.61;1;typeD;startStimuli;2;0;;
1434965885370.17;1;typeD;startStimuli;2;0;;
1434965885386.89;1;typeD;startStimuli;2;0;;
1434965885403.12;1;typeD;startStimuli;2;0;;
1434965885419.95;1;typeD;startStimuli;2;0;;
1434965885436.64;1;typeD;startStimuli;2;0;;
1434965885452.92;1;typeD;startStimuli;2;0;;
1434965885469.5;1;typeD;startStimuli;2;0;;
1434965885486.14;1;typeD;startStimuli;2;0;;
1434965885502.83;1;typeD;startStimuli;2;0;;
1434965885519.39;1;typeD;startStimuli;2;0;;
1434965885536.38;1;typeD;startStimuli;2;0;;
1434965885553.61;1;typeD;startStimuli;2;0;;
1434965885570.64;1;typeD;startStimuli;2;0;;
1434965885586.94;1;typeD;startStimuli;2;0;;
1434965885603.89;1;typeD;startStimuli;2;0;;
1434965885619.86;1;typeD;startStimuli;2;0;;
1434965885636.21;1;typeD;startStimuli;2;0;;
1434965885652.94;1;typeD;startStimuli;2;0;;
1434965885669.6;1;typeD;startStimuli;2;0;;
1434965885686.23;1;typeD;startStimuli;2;0;;
1434965885702.93;1;typeD;startStimuli;2;0;;
1434965885719.51;1;typeD;startStimuli;2;0;;
1434965885736.14;1;typeD;startStimuli;2;0;;
1434965885752.26;1;typeD;startStimuli;2;0;;
1434965885768.94;1;typeD;startStimuli;2;0;;
1434965885785.56;1;typeD;startStimuli;2;0;;
1434965885802.21;1;typeD;startStimuli;2;0;;
1434965885820.12;1;typeD;startStimuli;2;0;;
1434965885836.66;1;typeD;startStimuli;2;0;;
1434965885853.4;1;typeD;startStimuli;2;0;;
1434965885870.02;1;typeD;startStimuli;2;0;;
1434965885886.71;1;typeD;startStimuli;2;0;;
1434965885903.04;1;typeD;startStimuli;2;0;;
1434965885920.14;1;typeD;startStimuli;2;0;;
1434965885936.68;1;typeD;startStimuli;2;0;;
1434965885953.47;1;typeD;startStimuli;2;0;;
1434965885970.1;1;typeD;startStimuli;2;0;;
1434965885986.73;1;typeD;startStimuli;2;0;;
1434965886003.38;1;typeD;startStimuli;2;0;;
1434965886020.31;1;typeD;startStimuli;2;0;;
1434965886036.89;1;typeD;startStimuli;2;0;;
1434965886053.66;1;typeD;startStimuli;2;0;;
1434965886070.24;1;typeD;startStimuli;2;0;;
1434965886087.07;1;typeD;startStimuli;2;0;;
1434965886104.21;1;typeD;startStimuli;2;0;;
1434965886121.47;1;typeD;startStimuli;2;0;;
1434965886137.37;1;typeD;startStimuli;2;0;;
1434965886154.15;1;typeD;startStimuli;2;0;;
1434965886170.65;1;typeD;startStimuli;2;0;;
1434965886187.4;1;typeD;startStimuli;2;0;;
1434965886204.15;1;typeD;startStimuli;2;0;;
1434965886220.82;1;typeD;startStimuli;2;0;;
1434965886237.38;1;typeD;startStimuli;2;0;;
1434965886254.13;1;typeD;startStimuli;2;0;;
1434965886272.04;1;typeD;startStimuli;2;0;;
1434965886289.21;1;typeD;startStimuli;2;0;;
1434965886305.26;1;typeD;startStimuli;2;0;;
1434965886321.9;1;typeD;startStimuli;2;0;;
1434965886338.42;1;typeD;startStimuli;2;0;;
1434965886354.89;1;typeD;startStimuli;2;0;;
1434965886371.86;1;typeD;startStimuli;2;0;;
1434965886388.5;1;typeD;startStimuli;2;0;;
1434965886404.64;1;typeD;startStimuli;2;0;;
1434965886421.26;1;typeD;startStimuli;2;0;;
1434965886437.77;1;typeD;startStimuli;2;0;;
1434965886454.68;1;typeD;startStimuli;2;0;;
1434965886471.15;1;typeD;startStimuli;2;0;;
1434965886487.8;1;typeD;startStimuli;2;0;;
1434965886504.52;1;typeD;startStimuli;2;0;;
1434965886521.18;1;typeD;startStimuli;2;0;;
1434965886537.75;1;typeD;startStimuli;2;0;;
1434965886554.65;1;typeD;startStimuli;2;0;;
1434965886571.15;1;typeD;startStimuli;2;0;;
1434965886588.21;1;typeD;startStimuli;2;0;;
1434965886604.95;1;typeD;startStimuli;2;0;;
1434965886621.5;1;typeD;startStimuli;2;0;;
1434965886638.07;1;typeD;startStimuli;2;0;;
1434965886654.81;1;typeD;startStimuli;2;0;;
1434965886671.44;1;typeD;startStimuli;2;0;;
1434965886688.11;1;typeD;startStimuli;2;0;;
1434965886704.23;1;typeD;startStimuli;2;0;;
1434965886720.85;1;typeD;startStimuli;2;0;;
1434965886737.4;1;typeD;startStimuli;2;0;;
1434965886754.12;1;typeD;startStimuli;2;0;;
1434965886770.77;1;typeD;startStimuli;2;0;;
1434965886788.16;1;typeD;startStimuli;2;0;;
1434965886804.84;1;typeD;startStimuli;2;0;;
1434965886821.35;1;typeD;startStimuli;2;0;;
1434965886837.92;1;typeD;startStimuli;2;0;;
1434965886855.84;1;typeD;startStimuli;2;0;;
1434965886872.65;1;typeD;startStimuli;2;0;;
1434965886889.09;1;typeD;startStimuli;2;0;;
1434965886905.74;1;typeD;startStimuli;2;0;;
1434965886922.38;1;typeD;startStimuli;2;0;;
1434965886938.91;1;typeD;startStimuli;2;0;;
1434965886956.29;1;typeD;startStimuli;2;0;;
1434965886972.96;1;typeD;startStimuli;2;0;;
1434965886989.55;1;typeD;startStimuli;2;0;;
1434965887006.2;1;typeD;startStimuli;2;0;;
1434965887022.85;1;typeD;startStimuli;2;0;;
1434965887039.03;1;typeD;startStimuli;2;0;;
1434965887056.17;1;typeD;startStimuli;2;0;;
1434965887072.82;1;typeD;startStimuli;2;0;;
1434965887089.47;1;typeD;startStimuli;2;0;;
1434965887106.12;1;typeD;startStimuli;2;0;;
1434965887122.77;1;typeD;startStimuli;2;0;;
1434965887139.39;1;typeD;startStimuli;2;0;;
1434965887156.13;1;typeD;startStimuli;2;0;;
1434965887173.48;1;typeD;startStimuli;2;0;;
1434965887189.61;1;typeD;startStimuli;2;0;;
1434965887206.2;1;typeD;startStimuli;2;0;;
1434965887222.84;1;typeD;startStimuli;2;0;;
1434965887239.22;1;typeD;startStimuli;2;0;;
1434965887256.16;occluderUp;;
1434965887272.26;occluderUp;;
1434965887288.91;occluderUp;;
1434965887305.56;occluderUp;;
1434965887322.19;occluderUp;;
1434965887340.29;occluderUp;;
1434965887357.49;occluderUp;;
1434965887373.61;occluderUp;;
1434965887390.23;occluderUp;;
1434965887406.89;occluderUp;;
1434965887423.59;occluderUp;;
1434965887440.18;occluderUp;;
1434965887456.37;occluderUp;;
1434965887473.17;occluderUp;;
1434965887489.83;occluderUp;;
1434965887506.37;occluderUp;;
1434965887523.12;occluderUp;;
1434965887540.28;occluderUp;;
1434965887556.84;occluderUp;;
1434965887573.58;occluderUp;;
1434965887590.06;occluderUp;;
1434965887606.87;occluderUp;;
1434965887623.31;occluderUp;;
1434965887640.24;occluderUp;;
1434965887656.82;occluderUp;;
1434965887673.55;occluderUp;;
1434965887690.2;occluderUp;;
1434965887706.83;occluderUp;;
1434965887723.47;occluderUp;;
1434965887740.27;occluderUp;;
1434965887756.83;occluderUp;;
1434965887773.53;occluderUp;;
1434965887790.22;occluderUp;;
1434965887806.88;occluderUp;;
1434965887823.52;occluderUp;;
1434965887840.15;occluderUp;;
1434965887856.13;occluderUp;;
1434965887872.92;occluderUp;;
1434965887889.56;occluderUp;;
1434965887906.2;occluderUp;;
1434965887922.84;occluderUp;;
1434965887940.43;occluderUp;;
1434965887956.96;occluderUp;;
1434965887973.72;occluderUp;;
1434965887990.38;occluderUp;;
1434965888007.16;occluderUp;;
1434965888024.25;occluderUp;;
1434965888040.96;occluderUp;;
1434965888057.45;occluderUp;;
1434965888074.21;occluderUp;;
1434965888090.96;occluderUp;;
1434965888107.53;occluderUp;;
1434965888124.42;occluderUp;;
1434965888141.07;occluderUp;;
1434965888157.62;occluderUp;;
1434965888174.39;occluderUp;;
1434965888190.82;occluderUp;;
1434965888208.39;occluderUp;;
1434965888225.63;occluderUp;;
1434965888241.74;occluderUp;;
1434965888258.22;occluderUp;;
1434965888275.05;occluderUp;;
1434965888291.65;occluderUp;;
1434965888308.29;occluderUp;;
1434965888324.55;occluderUp;;
1434965888341.04;occluderUp;;
1434965888357.56;occluderUp;;
1434965888374.31;occluderUp;;
1434965888391.02;occluderUp;;
1434965888407.63;occluderUp;;
1434965888424.56;occluderUp;;
1434965888441.21;occluderUp;;
1434965888457.77;occluderUp;;
1434965888474.52;occluderUp;;
1434965888491.15;occluderUp;;
1434965888508.35;occluderUp;;
1434965888525.03;occluderUp;;
1434965888541.64;occluderUp;;
1434965888560.25;occluderUp;;
1434965888576.87;occluderUp;;
1434965888593.42;occluderUp;;
1434965888610.1;occluderUp;;
1434965888626.73;occluderUp;;
1434965888643.4;occluderUp;;
1434965888660.02;occluderUp;;
1434965888676.58;occluderUp;;
1434965888693;occluderUp;;
1434965888709.5;occluderUp;;
1434965888726;occluderUp;;
1434965888742.72;occluderUp;;
1434965888759.36;occluderUp;;
1434965888775.8;occluderUp;;
1434965888792.7;occluderUp;;
1434965888809.2;occluderUp;;
1434965888825.79;occluderUp;;
1434965888842.46;occluderUp;;
1434965888858.95;occluderUp;;
1434965888875.79;occluderUp;;
1434965888892.37;occluderUp;;
1434965888909.01;occluderUp;;
1434965888925.68;occluderUp;;
1434965888942.31;occluderUp;;
1434965888958.89;occluderUp;;
1434965888976.32;occluderUp;;
1434965888993.04;occluderUp;;
1434965889009.69;occluderUp;;
1434965889026.35;occluderUp;;
1434965889042.91;occluderUp;;
1434965889059.49;occluderUp;;
1434965889076.48;occluderUp;;
1434965889093.3;occluderUp;;
1434965889110.18;occluderUp;;
1434965889126.57;occluderUp;;
1434965889142.91;occluderUp;;
1434965889159.87;occluderUp;;
1434965889176.3;occluderUp;;
1434965889193.14;occluderUp;;
1434965889209.73;occluderUp;;
1434965889226.38;occluderUp;;
1434965889242.99;occluderUp;;
1434965889259.66;occluderUp;;
1434965889276.27;occluderUp;;
1434965889293.07;occluderUp;;
1434965889309.7;occluderUp;;
1434965889326.36;occluderUp;;
1434965889343;occluderUp;;
1434965889360.42;occluderUp;;
1434965889376.98;occluderUp;;
1434965889393.76;occluderUp;;
1434965889410.4;occluderUp;;
1434965889427.06;occluderUp;;
1434965889443.7;occluderUp;;
1434965889460.35;occluderUp;;
1434965889476.29;occluderUp;;
1434965889493.08;occluderUp;;
1434965889509.73;occluderUp;;
1434965889526.37;occluderUp;;
1434965889543.04;occluderUp;;
1434965889560.59;occluderUp;;
1434965889577.17;occluderUp;;
1434965889593.84;occluderUp;;
1434965889610.5;occluderUp;;
1434965889627.13;occluderUp;;
1434965889643.8;occluderUp;;
1434965889660.49;occluderUp;;
1434965889677.02;occluderUp;;
1434965889693.77;occluderUp;;
1434965889710.45;occluderUp;;
1434965889727.05;occluderUp;;
1434965889744.64;occluderUp;;
1434965889761.25;occluderUp;;
1434965889777.89;occluderUp;;
1434965889794.65;occluderUp;;
1434965889811.19;occluderUp;;
1434965889827.84;occluderUp;;
1434965889844.46;occluderUp;;
1434965889861.17;occluderUp;;
1434965889877.66;occluderUp;;
1434965889894.42;occluderUp;;
1434965889911.08;occluderUp;;
1434965889927.44;occluderUp;;
1434965889944.43;occluderUp;;
1434965889961.18;occluderUp;;
1434965889977.64;occluderUp;;
1434965889994.24;occluderUp;;
1434965890011.02;occluderUp;;
1434965890027.36;occluderUp;;
1434965890044.55;occluderUp;;
1434965890061.3;occluderUp;;
1434965890077.76;occluderUp;;
1434965890094.52;occluderUp;;
1434965890111.17;occluderUp;;
1434965890128.56;occluderUp;;
1434965890145.26;occluderUp;;
1434965890161.94;occluderUp;;
1434965890178.45;occluderUp;;
1434965890195.22;occluderUp;;
1434965890211.82;occluderUp;;
1434965890228.61;occluderUp;;
1434965890245.28;occluderUp;;
1434965890261.92;occluderUp;;
1434965890278.47;occluderUp;;
1434965890295.21;occluderUp;;
1434965890311.63;occluderUp;;
1434965890328.49;occluderUp;;
1434965890345.22;occluderUp;;
1434965890361.73;occluderUp;;
1434965890378.3;occluderUp;;
1434965890395.07;occluderUp;;
1434965890412.6;occluderUp;;
1434965890429.25;occluderUp;;
1434965890445.92;occluderUp;;
1434965890462.56;occluderUp;;
1434965890479.11;occluderUp;;
1434965890495.87;occluderUp;;
1434965890512.65;occluderUp;;
1434965890529.45;occluderUp;;
1434965890546.15;occluderUp;;
1434965890564.73;occluderUp;;
1434965890581.97;occluderUp;;
1434965890597.83;occluderUp;;
1434965890615.19;occluderUp;;
1434965890631.39;occluderUp;;
1434965890647.91;occluderUp;;
1434965890664.5;occluderUp;;
1434965890680.81;occluderUp;;
1434965890697.79;occluderUp;;
1434965890714.06;occluderUp;;
1434965890730.76;occluderUp;;
1434965890747.32;occluderUp;;
1434965890784.25;objGrabbed;0;stim_left;;
1434965890801.31;objGrabbed;0;stim_left;;
1434965890817.9;objGrabbed;0;stim_left;;
1434965890834.73;objGrabbed;0;stim_left;;
1434965890851.35;objGrabbed;0;stim_left;;
1434965890868.08;objGrabbed;0;stim_left;;
1434965890883.79;objGrabbed;0;stim_left;;
1434965890900.7;objGrabbed;0;stim_left;;
1434965890917.18;objGrabbed;0;stim_left;;
1434965890933.98;objGrabbed;0;stim_left;;
1434965890950.63;objGrabbed;0;stim_left;;
1434965890967.3;objGrabbed;0;stim_left;;
1434965890983.91;objGrabbed;0;stim_left;;
1434965891000.02;objGrabbed;0;stim_left;;
1434965891016.58;objGrabbed;0;stim_left;;
1434965891032.81;objGrabbed;0;stim_left;;
1434965891049.76;objGrabbed;0;stim_left;;
1434965891066.25;objGrabbed;0;stim_left;;
1434965891082.77;objGrabbed;0;stim_left;;
1434965891099.2;objGrabbed;0;stim_left;;
1434965891115.94;objGrabbed;0;stim_left;;
1434965891132.48;objGrabbed;0;stim_left;;
1434965891149.33;objGrabbed;0;stim_left;;
1434965891165.54;objGrabbed;0;stim_left;;
1434965891182.09;objGrabbed;0;stim_left;;
1434965891198.48;objGrabbed;0;stim_left;;
1434965891215.29;objGrabbed;0;stim_left;;
1434965891231.98;objGrabbed;0;stim_left;;
1434965891248.25;objGrabbed;0;stim_left;;
1434965891265.32;objGrabbed;0;stim_left;;
1434965891281.39;objGrabbed;0;stim_left;;
1434965891297.86;objGrabbed;0;stim_left;;
1434965891314.63;objGrabbed;0;stim_left;;
1434965891331.25;objGrabbed;0;stim_left;;
1434965891347.67;objGrabbed;0;stim_left;;
1434965891364.58;objGrabbed;0;stim_left;;
1434965891381.27;objGrabbed;0;stim_left;;
1434965891397.79;objGrabbed;0;stim_left;;
1434965891414.58;objGrabbed;0;stim_left;;
1434965891431.17;objGrabbed;0;stim_left;;
1434965891447.82;objGrabbed;0;stim_left;;
1434965891464.78;objGrabbed;0;stim_left;;
1434965891481.48;objGrabbed;0;stim_left;;
1434965891497.94;objGrabbed;0;stim_left;;
1434965891514.75;objGrabbed;0;stim_left;;
1434965891531.41;objGrabbed;0;stim_left;;
1434965891548.04;objGrabbed;0;stim_left;;
1434965891564.49;objGrabbed;0;stim_left;;
1434965891581.1;objGrabbed;0;stim_left;;
1434965891597.57;objGrabbed;0;stim_left;;
1434965891614.37;objGrabbed;0;stim_left;;
1434965891630.99;objGrabbed;0;stim_left;;
1434965891647.71;objGrabbed;0;stim_left;;
1434965891664.22;objGrabbed;0;stim_left;;
1434965891680.91;objGrabbed;0;stim_left;;
1434965891697.39;objGrabbed;0;stim_left;;
1434965891714.11;objGrabbed;0;stim_left;;
1434965891730.83;objGrabbed;0;stim_left;;
1434965891748.87;objGrabbed;0;stim_left;;
1434965891765.46;objGrabbed;0;stim_left;;
1434965891782;objGrabbed;0;stim_left;;
1434965891798.67;objGrabbed;0;stim_left;;
1434965891815.46;LeftGrabbed;;
1434965891833.26;LeftGrabbed;;
1434965891849.9;LeftGrabbed;;
1434965891866.53;LeftGrabbed;;
1434965891883.15;LeftGrabbed;;
1434965891899.56;LeftGrabbed;;
1434965891916.33;LeftGrabbed;;
1434965891932.93;LeftGrabbed;;
1434965891949.45;LeftGrabbed;;
1434965891980.47;LeftGrabbed;;
1434965891997.05;LeftGrabbed;;
1434965892013.8;LeftGrabbed;;
1434965892032.79;LeftGrabbed;;
1434965892049.44;LeftGrabbed;;
1434965892066.13;LeftGrabbed;;
1434965892082.71;LeftGrabbed;;
1434965892099.05;LeftGrabbed;;
1434965892115.71;LeftGrabbed;;
1434965892132.74;LeftGrabbed;;
1434965892149.37;LeftGrabbed;;
1434965892166.07;LeftGrabbed;;
1434965892182.69;LeftGrabbed;;
1434965892199.21;LeftGrabbed;;
1434965892215.64;LeftGrabbed;;
1434965892232.26;LeftGrabbed;;
1434965892249.11;LeftGrabbed;;
1434965892265.84;LeftGrabbed;;
1434965892282.4;LeftGrabbed;;
1434965892299.01;LeftGrabbed;;
1434965892315.75;LeftGrabbed;;
1434965892332.72;LeftGrabbed;;
1434965892349.33;LeftGrabbed;;
1434965892366.03;LeftGrabbed;;
1434965892382.65;LeftGrabbed;;
1434965892399.08;LeftGrabbed;;
1434965892415.95;LeftGrabbed;;
1434965892432.63;LeftGrabbed;;
1434965892449.32;LeftGrabbed;;
1434965892465.99;LeftGrabbed;;
1434965892482.58;LeftGrabbed;;
1434965892499.2;LeftGrabbed;;
1434965892516.67;LeftGrabbed;;
1434965892533.91;LeftGrabbed;;
1434965892550.05;LeftGrabbed;;
1434965892566.61;LeftGrabbed;;
1434965892583.31;LeftGrabbed;;
1434965892599.97;LeftGrabbed;;
1434965892616.13;LeftGrabbed;;
1434965892632.9;LeftGrabbed;;
1434965892649.55;LeftGrabbed;;
1434965892666.13;LeftGrabbed;;
1434965892682.8;LeftGrabbed;;
1434965892700.8;LeftGrabbed;;
1434965892717.22;LeftGrabbed;;
1434965892734.15;LeftGrabbed;;
1434965892750.64;LeftGrabbed;;
1434965892767.28;LeftGrabbed;;
1434965892783.94;LeftGrabbed;;
1434965892800.69;LeftGrabbed;;
1434965892816.55;LeftGrabbed;;
1434965892833.35;LeftGrabbed;;
1434965892850.1;LeftGrabbed;;
1434965892866.56;LeftGrabbed;;
1434965892883.41;LeftGrabbed;;
1434965892900.06;LeftGrabbed;;
1434965892916.47;LeftGrabbed;;
1434965892933.33;LeftGrabbed;;
1434965892949.9;LeftGrabbed;;
1434965892966.32;LeftGrabbed;;
1434965892983.18;LeftGrabbed;;
1434965893000.45;LeftGrabbed;;
1434965893016.97;LeftGrabbed;;
1434965893033.64;LeftGrabbed;;
1434965893064.69;LeftGrabbed;;
1434965893084.91;LeftGrabbed;;
1434965893101.66;LeftGrabbed;;
1434965893118.05;LeftGrabbed;;
1434965893134.85;LeftGrabbed;;
1434965893151.5;LeftGrabbed;;
1434965893168.84;LeftGrabbed;;
1434965893186.04;LeftGrabbed;;
1434965893202.14;LeftGrabbed;;
1434965893218.66;LeftGrabbed;;
1434965893235.48;LeftGrabbed;;
1434965893252.07;LeftGrabbed;;
1434965893268.74;LeftGrabbed;;
1434965893284.79;LeftGrabbed;;
1434965893301.46;LeftGrabbed;;
1434965893317.99;LeftGrabbed;;
1434965893334.75;LeftGrabbed;;
1434965893351.38;LeftGrabbed;;
1434965893368.02;LeftGrabbed;;
1434965893384.31;LeftGrabbed;;
1434965893401.01;LeftGrabbed;;
1434965893417.49;LeftGrabbed;;
1434965893434.24;LeftGrabbed;;
1434965893450.93;LeftGrabbed;;
1434965893468.49;LeftGrabbed;;
1434965893485.13;LeftGrabbed;;
1434965893502;LeftGrabbed;;
1434965893518.29;LeftGrabbed;;
1434965893535.05;LeftGrabbed;;
1434965893551.69;LeftGrabbed;;
1434965893569.45;LeftGrabbed;;
1434965893586.09;LeftGrabbed;;
1434965893602.81;LeftGrabbed;;
1434965893619.34;LeftGrabbed;;
1434965893635.89;LeftGrabbed;;
1434965893652.65;LeftGrabbed;;
1434965893669.47;LeftGrabbed;;
1434965893685.95;LeftGrabbed;;
1434965893702.59;LeftGrabbed;;
1434965893719.15;LeftGrabbed;;
1434965893735.88;LeftGrabbed;;
1434965893752.81;LeftGrabbed;;
1434965893769.43;LeftGrabbed;;
1434965893786.02;LeftGrabbed;;
1434965893802.7;LeftGrabbed;;
1434965893819.34;LeftGrabbed;;
1434965893835.84;LeftGrabbed;;
1434965893852.66;LeftGrabbed;;
1434965893868.84;LeftGrabbed;;
1434965893885.48;LeftGrabbed;;
1434965893902.14;LeftGrabbed;;
1434965893918.68;LeftGrabbed;;
1434965893935.43;LeftGrabbed;;
1434965893952.76;LeftGrabbed;;
1434965893969.45;LeftGrabbed;;
1434965893986.02;LeftGrabbed;;
1434965894002.47;LeftGrabbed;;
1434965894019.22;LeftGrabbed;;
1434965894035.81;LeftGrabbed;;
1434965894052.9;LeftGrabbed;;
1434965894069.52;LeftGrabbed;;
1434965894086.17;LeftGrabbed;;
1434965894102.83;LeftGrabbed;;
1434965894119.54;LeftGrabbed;;
1434965894136.93;LeftGrabbed;;
1434965894153.7;LeftGrabbed;;
1434965894170.36;LeftGrabbed;;
1434965894187;LeftGrabbed;;
1434965894203.57;LeftGrabbed;;
1434965894220.3;LeftGrabbed;;
1434965894236.82;Repositioning;
1434965894253.58;Repositioning;
1434965894270.33;Repositioning;
1434965894286.89;Repositioning;
1434965894303.53;Repositioning;
1434965894320.89;Repositioning;
1434965894338.02;Repositioning;
1434965894354.22;Repositioning;
1434965894370.88;Repositioning;
1434965894387.49;Repositioning;
1434965894404.16;Repositioning;
1434965894420.81;Repositioning;
1434965894436.82;Repositioning;
1434965894453.56;Repositioning;
1434965894470.23;Repositioning;
1434965894486.93;Repositioning;
1434965894505.23;Repositioning;
1434965894521.87;Repositioning;
1434965894538.48;Repositioning;
1434965894555.11;Repositioning;
1434965894571.92;Repositioning;
1434965894588.48;Repositioning;
1434965894605;Repositioning;
1434965894621.29;Repositioning;
1434965894637.72;Repositioning;
1434965894654.45;Repositioning;
1434965894671.2;Repositioning;
1434965894687.78;Repositioning;
1434965894704.44;Repositioning;
1434965894720.63;Repositioning;
1434965894737.11;Repositioning;
1434965894753.83;Repositioning;
1434965894770.58;Repositioning;
1434965894787.13;Repositioning;
1434965894803.57;Repositioning;
1434965894820.81;Repositioning;
1434965894837.33;Repositioning;
1434965894854.09;Repositioning;
1434965894870.74;Repositioning;
1434965894887.39;Repositioning;
1434965894904.88;Repositioning;
1434965894921.54;Repositioning;
1434965894938.08;Repositioning;
1434965894954.85;Repositioning;
1434965894971.59;Repositioning;
1434965894989.11;Repositioning;
1434965895005.75;Repositioning;
1434965895022.4;Repositioning;
1434965895038.89;Repositioning;
1434965895055.75;Repositioning;
1434965895072.28;Repositioning;
1434965895088.93;Repositioning;
1434965895105.08;Repositioning;
1434965895121.65;Repositioning;
1434965895138.23;Repositioning;
1434965895154.78;Repositioning;
1434965895172.98;Repositioning;
1434965895190.2;Repositioning;
1434965895206.84;Repositioning;
1434965895222.92;Repositioning;
1434965895239.57;Repositioning;
1434965895255.73;Repositioning;
1434965895273.07;Repositioning;
1434965895289.31;Repositioning;
1434965895305.64;Repositioning;
1434965895322.26;Repositioning;
1434965895338.79;Repositioning;
1434965895355.54;Repositioning;
1434965895372.2;Repositioning;
1434965895388.86;Repositioning;
1434965895405.07;Repositioning;
1434965895421.73;Repositioning;
1434965895438.24;Repositioning;
1434965895455.03;Repositioning;
1434965895472.93;Repositioning;
1434965895490.15;Repositioning;
1434965895506.25;Repositioning;
1434965895522.92;Repositioning;
1434965895539.53;Repositioning;
1434965895555.82;Repositioning;
1434965895573.3;Repositioning;
1434965895589.97;Repositioning;
1434965895606.69;Repositioning;
1434965895623.27;Repositioning;
1434965895639.94;Repositioning;
1434965895657.09;Repositioning;
1434965895673.86;Repositioning;
1434965895690.49;Repositioning;
1434965895707.17;Repositioning;
1434965895723.78;Repositioning;
1434965895740.42;Repositioning;
1434965895756.9;Repositioning;
1434965895773.27;Repositioning;
1434965895789.81;Repositioning;
1434965895806.48;Repositioning;
1434965895823.13;Repositioning;
1434965895839.64;Repositioning;
1434965895856.84;Repositioning;
1434965895873.66;Repositioning;
1434965895890.23;Repositioning;
1434965895906.91;Repositioning;
1434965895923.54;Repositioning;
1434965895940.21;Repositioning;
1434965895956.83;Repositioning;
1434965895972.98;Repositioning;
1434965895989.64;Repositioning;
1434965896006.28;Repositioning;
1434965896022.97;Repositioning;
1434965896042.03;Repositioning;
1434965896058.77;Repositioning;
1434965896075.34;Repositioning;
1434965896091.95;Repositioning;
1434965896209.42;Repositioning;
1434965896226.52;Repositioning;
1434965896261.39;Repositioning;
1434965896277.92;Repositioning;
1434965896294.65;Repositioning;
1434965896311.16;Repositioning;
1434965896328.11;Repositioning;
1434965896344.41;Repositioning;
1434965896361.16;Repositioning;
1434965896377.59;Repositioning;
1434965896394.38;Repositioning;
1434965896411.04;Repositioning;
1434965896427.68;Repositioning;
1434965896444.33;Repositioning;
1434965896460.3;Repositioning;
1434965896476.57;Repositioning;
1434965896493.55;Repositioning;
1434965896510.41;Repositioning;
1434965896526.46;Repositioning;
1434965896543.07;Repositioning;
1434965896559.66;Repositioning;
1434965896576.31;Repositioning;
1434965896593.04;Repositioning;
1434965896609.68;Repositioning;
1434965896626.37;Repositioning;
1434965896642.52;Repositioning;
1434965896659.02;Repositioning;
1434965896675.72;Repositioning;
1434965896692.4;Repositioning;
1434965896709.1;Repositioning;
1434965896725.64;Repositioning;
1434965896741.75;Repositioning;
1434965896758.28;Repositioning;
1434965896775.04;Repositioning;
1434965896791.68;Repositioning;
1434965896808.37;Repositioning;
1434965896824.77;Repositioning;
1434965896841.38;Repositioning;
1434965896857.91;Repositioning;
1434965896874.69;Repositioning;
1434965896893.43;Repositioning;
1434965896910.05;Repositioning;
1434965896926.61;Repositioning;
1434965896943.42;Repositioning;
1434965896959.97;Repositioning;
1434965896976.52;Repositioning;
1434965896993.29;Repositioning;
1434965897009.45;Repositioning;
1434965897026.12;Repositioning;
1434965897042.85;Repositioning;
1434965897059.43;Repositioning;
1434965897076;Repositioning;
1434965897092.78;Repositioning;
1434965897109.19;Repositioning;
1434965897125.8;Repositioning;
1434965897142.47;Repositioning;
1434965897158.95;Repositioning;
1434965897175.78;Repositioning;
1434965897192.41;Repositioning;
1434965897209.28;Repositioning;
1434965897226.03;Repositioning;
1434965897242.57;Repositioning;
1434965897259.09;Repositioning;
1434965897275.86;Repositioning;
1434965897293.38;Repositioning;
1434965897310.05;Repositioning;
1434965897326.68;Repositioning;
1434965897343.34;Repositioning;
1434965897360;Repositioning;
1434965897376.33;Repositioning;
1434965897393.28;Repositioning;
1434965897409.4;Repositioning;
1434965897426.01;Repositioning;
1434965897442.7;Repositioning;
1434965897459.21;Repositioning;
1434965897475.94;Repositioning;
1434965897493.2;Repositioning;
1434965897509.91;Repositioning;
1434965897526.51;Repositioning;
1434965897543.18;Repositioning;
1434965897561.06;Repositioning;
1434965897577.56;Repositioning;
1434965897594.26;Repositioning;
1434965897610.95;Repositioning;
1434965897627.57;Repositioning;
1434965897644.2;Repositioning;
1434965897660.83;Repositioning;
1434965897676.95;Repositioning;
1434965897693.7;Repositioning;
1434965897710.38;Repositioning;
1434965897726.84;Repositioning;
1434965897743.67;Repositioning;
1434965897760.32;Repositioning;
1434965897776.85;Repositioning;
1434965897793.14;Repositioning;
1434965897809.76;Repositioning;
1434965897826.45;Repositioning;
1434965897842.89;Repositioning;
1434965897860.87;Repositioning;
1434965897877.38;Repositioning;
1434965897894.1;Repositioning;
1434965897910.75;Repositioning;
1434965897927.42;Repositioning;
1434965897944.06;Repositioning;
1434965897960.71;Repositioning;
1434965897977.12;Repositioning;
1434965897993.94;Repositioning;
1434965898010.58;Repositioning;
1434965898027.47;Repositioning;
1434965898043.87;Repositioning;
1434965898061.22;Repositioning;
1434965898077.76;Repositioning;
1434965898094.53;Repositioning;
1434965898111.18;Repositioning;
1434965898127.84;Repositioning;
1434965898145.39;Repositioning;
1434965898162.07;Repositioning;
1434965898178.63;Repositioning;
1434965898195.49;Repositioning;
1434965898212.04;Repositioning;
1434965898228.44;Repositioning;
1434965898245.2;Repositioning;
1434965898261.48;Repositioning;
1434965898277.97;Repositioning;
1434965898294.71;Repositioning;
1434965898311.33;Repositioning;
1434965898327.99;Repositioning;
1434965898344.66;Repositioning;
1434965898361.16;Repositioning;
1434965898377.69;Repositioning;
1434965898394.47;Repositioning;
1434965898411.12;Repositioning;
1434965898429.22;Repositioning;
1434965898446.49;Repositioning;
1434965898462.54;Repositioning;
1434965898479.13;Repositioning;
1434965898495.83;Repositioning;
1434965898512.22;Repositioning;
1434965898529.13;Repositioning;
1434965898545.24;Repositioning;
1434965898561.86;Repositioning;
1434965898578.36;Repositioning;
1434965898595;Repositioning;
1434965898611.79;Repositioning;
1434965898629.35;Repositioning;
1434965898646.08;Repositioning;
1434965898662.7;Repositioning;
1434965898679.48;Repositioning;
1434965898695.94;Repositioning;
1434965898712.67;Repositioning;
1434965898729.25;Repositioning;
1434965898745.42;EndAppear;1;;
1434965898762.17;EndAppear;1;;
1434965898778.63;EndAppear;1;;
1434965898795.32;EndAppear;1;;
1434965898813.21;EndAppear;1;;
1434965898829.89;EndAppear;1;;
1434965898846.52;EndAppear;1;;
1434965898863.17;EndAppear;1;;
1434965898879.88;EndAppear;1;;
1434965898896.35;EndAppear;1;;
1434965898913.26;EndAppear;1;;
1434965898929.91;EndAppear;1;;
1434965898946.54;EndAppear;1;;
1434965898963.21;EndAppear;1;;
1434965898979.86;EndAppear;1;;
1434965898996.42;EndAppear;1;;
1434965899013.19;EndAppear;1;;
1434965899029.89;EndAppear;1;;
1434965899046.5;EndAppear;1;;
1434965899063.16;EndAppear;1;;
1434965899079.77;EndAppear;1;;
1434965899096.31;EndAppear;1;;
1434965899113.68;EndAppear;1;;
1434965899130.37;EndAppear;1;;
1434965899147.03;EndAppear;1;;
1434965899163.72;EndAppear;1;;
1434965899180.08;EndAppear;1;;
1434965899196.47;EndAppear;1;;
1434965899213.36;EndAppear;1;;
1434965899229.99;EndAppear;1;;
1434965899246.68;EndAppear;1;;
1434965899263.29;EndAppear;1;;
1434965899279.99;EndAppear;1;;
1434965899297.24;EndAppear;1;;
1434965899314.03;EndAppear;1;;
1434965899330.54;EndAppear;1;;
1434965899347.34;EndAppear;1;;
1434965899363.95;EndAppear;1;;
1434965899380.63;EndAppear;1;;
1434965899396.95;EndAppear;1;;
1434965899413.82;EndAppear;1;;
1434965899430.33;EndAppear;1;;
1434965899446.99;EndAppear;1;;
1434965899463.65;EndAppear;1;;
1434965899480.32;EndAppear;1;;
1434965899497.38;EndAppear;1;;
1434965899514.22;EndAppear;1;;
1434965899530.82;EndAppear;1;;
1434965899547.46;EndAppear;1;;
1434965899564.11;EndAppear;1;;
1434965899580.72;EndAppear;1;;
1434965899597.04;EndAppear;1;;
1434965899613.86;EndAppear;1;;
1434965899630.47;EndAppear;1;;
1434965899647.01;EndAppear;1;;
1434965899663.73;EndAppear;1;;
1434965899681.36;EndAppear;1;;
1434965899697.88;EndAppear;1;;
1434965899714.69;EndAppear;1;;
1434965899731.32;EndAppear;1;;
1434965899747.95;EndAppear;1;;
1434965899764.61;EndAppear;1;;
1434965899781.2;EndAppear;1;;
1434965899797.77;EndAppear;1;;
1434965899814.52;EndAppear;1;;
1434965899831.14;EndAppear;1;;
1434965899847.83;EndAppear;1;;
1434965899865.27;EndAppear;1;;
1434965899881.97;EndAppear;1;;
1434965899898.46;EndAppear;1;;
1434965899915.27;EndAppear;1;;
1434965899931.88;EndAppear;1;;
1434965899948.58;EndAppear;1;;
1434965899965.16;EndAppear;1;;
1434965899981.3;EndAppear;1;;
1434965899997.84;EndAppear;1;;
1434965900014.61;EndAppear;1;;
1434965900031.24;EndAppear;1;;
1434965900047.9;EndAppear;1;;
1434965900065.51;EndAppear;1;;
1434965900082.22;EndAppear;1;;
1434965900098.8;EndAppear;1;;
1434965900115.5;EndAppear;1;;
1434965900133.63;EndAppear;1;;
1434965900150.71;EndAppear;1;;
1434965900166.87;EndAppear;1;;
1434965900183.52;EndAppear;1;;
1434965900200.14;EndAppear;1;;
1434965900216.7;EndAppear;1;;
1434965900233.66;EndAppear;1;;
1434965900249.83;EndAppear;1;;
1434965900266.26;EndAppear;1;;
1434965900282.85;EndAppear;1;;
1434965900299.6;EndAppear;1;;
1434965900316.03;EndAppear;1;;
1434965900332.79;EndAppear;1;;
1434965900349.57;EndAppear;1;;
1434965900366.21;EndAppear;1;;
1434965900382.77;EndAppear;1;;
1434965900399.59;EndAppear;1;;
1434965900416.01;EndAppear;1;;
1434965900432.6;EndAppear;1;;
1434965900449.46;EndAppear;1;;
1434965900466.16;EndAppear;1;;
1434965900482.77;EndAppear;1;;
1434965900499.4;EndAppear;1;;
1434965900515.96;EndAppear;1;;
1434965900532.81;EndAppear;1;;
1434965900549.63;EndAppear;1;;
1434965900566.36;EndAppear;1;;
1434965900582.9;EndAppear;1;;
1434965900599.68;EndAppear;1;;
1434965900616.21;EndAppear;1;;
1434965900633.52;EndAppear;1;;
1434965900650.2;EndAppear;1;;
1434965900666.81;EndAppear;1;;
1434965900683.46;EndAppear;1;;
1434965900700.09;EndAppear;1;;
1434965900716.51;EndAppear;1;;
1434965900733.38;EndAppear;1;;
1434965900750.03;EndAppear;1;;
1434965900766.67;EndAppear;1;;
1434965900783.3;EndAppear;1;;
1434965900799.95;EndAppear;1;;
1434965900816.12;EndAppear;1;;
1434965900833.29;EndAppear;1;;
1434965900849.33;EndAppear;1;;
1434965900866.01;EndAppear;1;;
1434965900882.65;EndAppear;1;;
1434965900899.18;EndAppear;1;;
1434965900917.38;EndAppear;1;;
1434965900934.12;EndAppear;1;;
1434965900950.66;EndAppear;1;;
1434965900967.61;EndAppear;1;;
1434965900983.99;EndAppear;1;;
1434965901000.48;EndAppear;1;;
1434965901017.24;EndAppear;1;;
1434965901033.81;EndAppear;1;;
1434965901050.48;EndAppear;1;;
1434965901067.14;EndAppear;1;;
1434965901083.86;EndAppear;1;;
1434965901100.43;EndAppear;1;;
1434965901117.13;EndAppear;1;;
1434965901134.01;EndAppear;1;;
1434965901150.57;EndAppear;1;;
1434965901167.03;EndAppear;1;;
1434965901183.84;EndAppear;1;;
1434965901201.67;EndAppear;1;;
1434965901218.91;EndAppear;1;;
1434965901235.13;EndAppear;1;;
1434965910098.55;EndAppear;1;;
1434965910118.46;EndAppear;1;;
1434965910135.17;EndAppear;1;;
1434965910151.71;EndAppear;1;;
1434965910168.27;EndAppear;1;;
1434965910186.48;EndAppear;1;;
1434965910203.21;EndAppear;1;;
1434965910219.74;EndAppear;1;;
1434965910236.42;EndAppear;1;;
1434965910253.07;EndAppear;1;;
1434965910269.58;EndAppear;1;;
1434965910286.02;EndAppear;1;;
1434965910302.83;EndAppear;1;;
1434965910319.44;EndAppear;1;;
1434965910336.1;EndAppear;1;;
1434965910352.75;EndAppear;1;;
1434965910369.36;EndAppear;1;;
1434965910385.7;EndAppear;1;;
1434965910402.48;EndAppear;1;;
1434965910419.1;EndAppear;1;;
1434965910435.77;EndAppear;1;;
1434965910452.39;EndAppear;1;;
1434965910470.18;EndAppear;1;;
1434965910486.79;EndAppear;1;;
1434965910503.49;EndAppear;1;;
1434965910520.11;EndAppear;1;;
1434965910536.77;EndAppear;1;;
1434965910553.54;EndAppear;1;;
1434965910570.42;EndAppear;1;;
1434965910586.95;EndAppear;1;;
1434965910603.68;EndAppear;1;;
1434965910620.49;EndAppear;1;;
1434965910637.04;EndAppear;1;;
1434965910654.16;EndAppear;1;;
1434965910670.83;EndAppear;1;;
1434965910687.36;EndAppear;1;;
1434965910704.11;EndAppear;1;;
1434965910720.76;EndAppear;1;;
1434965910737.37;EndAppear;1;;
1434965910754.19;EndAppear;1;;
1434965910770.86;EndAppear;1;;
1434965910787.32;EndAppear;1;;
1434965910804.13;EndAppear;1;;
1434965910820.94;EndAppear;1;;
1434965910837.61;EndAppear;1;;
1434965910854.26;EndAppear;1;;
1434965910870.89;EndAppear;1;;
1434965910887.37;EndAppear;1;;
1434965910904.24;EndAppear;1;;
1434965910920.93;EndAppear;1;;
1434965910938.32;EndAppear;1;;
1434965910954.99;EndAppear;1;;
1434965910971.73;EndAppear;1;;
1434965910988.2;EndAppear;1;;
1434965911004.88;EndAppear;1;;
1434965911021.52;EndAppear;1;;
1434965911038.2;EndAppear;1;;
1434965911054.29;EndAppear;1;;
1434965911070.9;EndAppear;1;;
1434965911087.44;EndAppear;1;;
1434965911110.4;EndAppear;1;;
1434965911126.87;EndAppear;1;;
1434965911143.76;EndAppear;1;;
1434965911160.16;EndAppear;1;;
1434965911177.2;EndAppear;1;;
1434965911193.79;EndAppear;1;;
1434965911210.33;EndAppear;1;;
1434965911227.15;EndAppear;1;;
1434965911243.94;EndAppear;1;;
1434965911259.43;EndAppear;1;;
1434965911276.28;EndAppear;1;;
1434965911292.92;EndAppear;1;;
1434965911309.62;EndAppear;1;;
1434965911326.49;EndAppear;1;;
1434965911342.77;EndAppear;1;;
1434965911358.84;EndAppear;1;;
1434965911375.99;EndAppear;1;;
1434965911392.71;EndAppear;1;;
1434965911408.68;EndAppear;1;;
1434965911425.96;EndAppear;1;;
1434965911442.05;EndAppear;1;;
1434965911458.73;EndAppear;1;;
1434965911475.34;EndAppear;1;;
1434965911492.01;EndAppear;1;;
1434965911508.09;EndAppear;1;;
1434965911525.35;EndAppear;1;;
1434965911541.36;EndAppear;1;;
1434965911557.78;EndAppear;1;;
1434965911574.7;EndAppear;1;;
1434965911591.41;EndAppear;1;;
1434965911607.29;EndAppear;1;;
1434965911624.12;EndAppear;1;;
1434965911640.74;EndAppear;1;;
1434965911657.35;EndAppear;1;;
1434965911674;EndAppear;1;;
1434965911690.65;EndAppear;1;;
1434965911706.64;EndAppear;1;;
1434965911723.35;EndAppear;1;;
1434965911740.05;EndAppear;1;;
1434965911756.6;EndAppear;1;;
1434965911773.35;EndAppear;1;;
1434965911789.99;EndAppear;1;;
1434965911806.51;EndAppear;1;;
1434965911822.83;EndAppear;1;;
1434965911839.33;EndAppear;1;;
1434965911856.02;EndAppear;1;;
1434965911874.27;EndAppear;1;;
1434965911891.48;EndAppear;1;;
1434965911907.99;EndAppear;1;;
1434965911924.11;EndAppear;1;;
1434965911940.84;EndAppear;1;;
1434965911957.46;EndAppear;1;;
1434965911974.21;EndAppear;1;;
1434965911990.74;EndAppear;1;;
1434965912006.8;EndAppear;1;;
1434965912023.49;EndAppear;1;;
1434965912040.15;EndAppear;1;;
1434965912058.3;EndAppear;1;;
1434965912075.47;EndAppear;1;;
1434965912092.1;EndAppear;1;;
1434965912108.68;EndAppear;1;;
1434965912124.93;EndAppear;1;;
1434965912141.41;EndAppear;1;;
1434965912158.1;EndAppear;1;;
1434965912174.78;EndAppear;1;;
1434965912190.9;EndAppear;1;;
1434965912207.37;EndAppear;1;;
1434965912224.14;EndAppear;1;;
1434965912240.83;EndAppear;1;;
1434965912257.47;EndAppear;1;;
1434965912274.11;EndAppear;1;;
1434965912290.27;EndAppear;1;;
1434965912306.86;EndAppear;1;;
1434965912323.6;EndAppear;1;;
1434965912340.28;EndAppear;1;;
1434965912356.87;EndAppear;1;;
1434965912373.54;EndAppear;1;;
1434965912389.92;EndAppear;1;;
1434965912406.46;EndAppear;1;;
1434965912423.16;EndAppear;1;;
1434965912439.79;EndAppear;1;;
1434965912456.47;EndAppear;1;;
1434965912473.05;EndAppear;1;;
1434965912490.45;EndAppear;1;;
1434965912506.96;EndAppear;1;;
1434965912523.74;EndAppear;1;;
1434965912540.4;EndAppear;1;;
1434965912557.12;EndAppear;1;;
1434965912574.26;EndAppear;1;;
1434965912590.91;EndAppear;1;;
1434965912607.42;EndAppear;1;;
1434965912624.22;EndAppear;1;;
1434965912640.88;EndAppear;1;;
1434965912657.51;EndAppear;1;;
1434965912674.53;EndAppear;1;;
1434965912691.2;EndAppear;1;;
1434965912707.75;EndAppear;1;;
1434965912724.52;EndAppear;1;;
1434965912741.19;EndAppear;1;;
1434965912757.99;EndAppear;1;;
1434965912774.39;EndAppear;1;;
1434965912791.08;EndAppear;1;;
1434965912807.6;EndAppear;1;;
1434965912824.37;EndAppear;1;;
1434965912841.02;EndAppear;1;;
1434965912857.68;EndAppear;1;;
1434965912874.37;EndAppear;1;;
1434965912891;EndAppear;1;;
1434965912907.57;EndAppear;1;;
1434965912924.3;EndAppear;1;;
1434965912940.96;EndAppear;1;;
1434965912958.29;EndAppear;1;;
1434965912974.99;EndAppear;1;;
1434965912991.57;EndAppear;1;;
1434965913008.15;EndAppear;1;;
1434965913024.9;EndAppear;1;;
1434965913041.57;EndAppear;1;;
1434965913058.3;EndAppear;1;;
1434965913074.98;EndAppear;1;;
1434965913091.6;EndAppear;1;;
1434965913108.22;EndAppear;1;;
1434965913124.9;EndAppear;1;;
1434965913141.54;EndAppear;1;;
1434965913158.53;EndAppear;1;;
1434965913175.21;EndAppear;1;;
1434965913191.88;EndAppear;1;;
1434965913208.19;EndAppear;1;;
1434965913231.92;EndAppear;1;;
1434965913247.88;EndAppear;1;;
1434965913265.31;EndAppear;1;;
1434965913281.97;EndAppear;1;;
1434965913298.33;EndAppear;1;;
1434965913315.2;EndAppear;1;;
1434965913330.83;EndAppear;1;;
1434965913349.7;EndAppear;1;;
1434965913367.32;EndAppear;1;;
1434965913383.33;EndAppear;1;;
1434965913400.32;EndAppear;1;;
1434965913416.09;EndAppear;1;;
1434965913433.61;EndAppear;1;;
1434965913449.98;EndAppear;1;;
1434965913466.32;EndAppear;1;;
1434965913482.66;EndAppear;1;;
1434965913499.51;EndAppear;1;;
1434965913515.61;EndAppear;1;;
1434965913532.94;EndAppear;1;;
1434965913549.63;EndAppear;1;;
1434965913565.83;EndAppear;1;;
1434965913582.59;EndAppear;1;;
1434965913598.55;EndAppear;1;;
1434965913615.74;EndAppear;1;;
1434965913631.96;EndAppear;1;;
1434965913648.52;EndAppear;1;;
1434965913665.25;EndAppear;1;;
1434965913681.87;EndAppear;1;;
1434965913697.78;EndAppear;1;;
1434965913722.53;EndAppear;1;;
1434965913739.9;EndAppear;1;;
1434965913756.33;EndAppear;1;;
1434965913772.88;EndAppear;1;;
1434965913789.8;EndAppear;1;;
1434965913806.27;EndAppear;1;;
1434965913822.69;EndAppear;1;;
1434965913838.94;EndAppear;1;;
1434965913855.86;EndAppear;1;;
1434965913872.65;EndAppear;1;;
1434965913889.2;EndAppear;1;;
1434965913905.69;EndAppear;1;;
1434965913921.64;EndAppear;1;;
1434965913938.83;EndAppear;1;;
1434965913955.47;EndAppear;1;;
1434965913972.11;EndAppear;1;;
1434965913988.49;EndAppear;1;;
1434965914005.14;EndAppear;1;;
1434965914021.45;EndAppear;1;;
1434965914037.45;EndAppear;1;;
1434965914054.89;EndAppear;1;;
1434965914071.49;EndAppear;1;;
1434965914087.05;EndAppear;1;;
1434965914103.76;EndAppear;1;;
1434965914120.56;EndAppear;1;;
1434965914137.72;EndAppear;1;;
1434965914154.47;EndAppear;1;;
1434965914170.36;EndAppear;1;;
1434965914186.58;EndAppear;1;;
1434965914203.62;EndAppear;1;;
1434965914220.03;EndAppear;1;;
1434965914236.26;EndAppear;1;;
1434965914252.77;EndAppear;1;;
1434965914270.03;EndAppear;1;;
1434965914286.25;EndAppear;1;;
1434965914303.3;EndAppear;1;;
1434965914319.75;EndAppear;1;;
1434965914336.55;EndAppear;1;;
1434965914352.75;EndAppear;1;;
1434965914369.71;EndAppear;1;;
1434965914385.92;EndAppear;1;;
1434965914402.83;EndAppear;1;;
1434965914419.3;EndAppear;1;;
1434965914436.01;EndAppear;1;;
1434965914451.72;EndAppear;1;;
1434965914468.2;EndAppear;1;;
1434965914485.6;EndAppear;1;;
1434965914501.34;EndAppear;1;;
1434965914518.71;EndAppear;1;;
1434965914534.82;EndAppear;1;;
1434965914551.85;EndAppear;1;;
1434965914567.65;EndAppear;1;;
1434965914584.73;EndAppear;1;;
1434965914600.91;EndAppear;1;;
1434965914618.04;EndAppear;1;;
1434965914634.18;EndAppear;1;;
1434965914651.26;EndAppear;1;;
1434965914666.75;EndAppear;1;;
1434965914683.95;EndAppear;1;;
1434965914700.53;EndAppear;1;;
1434965914717.25;EndAppear;1;;
1434965914733.13;EndAppear;1;;
1434965914749.94;EndAppear;1;;
1434965914766.29;EndAppear;1;;
1434965914782.92;EndAppear;1;;
1434965914800;EndAppear;1;;
1434965914816.08;EndAppear;1;;
1434965914833.29;EndAppear;1;;
1434965914849.97;EndAppear;1;;
1434965914866.49;EndAppear;1;;
1434965914882.78;EndAppear;1;;
1434965914899.23;EndAppear;1;;
1434965914916.07;EndAppear;1;;
1434965914932.16;EndAppear;1;;
1434965914948.47;EndAppear;1;;
1434965914965.25;EndAppear;1;;
1434965914981.97;EndAppear;1;;
1434965914998.58;EndAppear;1;;
1434965915015.25;EndAppear;1;;
1434965915031.84;EndAppear;1;;
1434965915047.86;EndAppear;1;;
1434965915064.64;EndAppear;1;;
1434965915081.31;EndAppear;1;;
1434965915097.95;EndAppear;1;;
1434965915114.69;EndAppear;1;;
1434965915131.28;EndAppear;1;;
1434965915147.79;EndAppear;1;;
1434965915163.99;EndAppear;1;;
1434965915180.64;EndAppear;1;;
1434965915197.23;EndAppear;1;;
1434965915213.9;EndAppear;1;;
1434965915230.54;EndAppear;1;;
1434965915246.64;EndAppear;1;;
1434965915263.93;EndAppear;1;;
1434965915280.01;EndAppear;1;;
1434965915296.66;EndAppear;1;;
1434965915313.39;EndAppear;1;;
1434965915329.97;EndAppear;1;;
1434965915346.47;EndAppear;1;;
1434965915363.24;EndAppear;1;;
1434965915379.91;EndAppear;1;;
1434965915396.53;EndAppear;1;;
1434965915413.11;EndAppear;1;;
1434965915430.64;EndAppear;1;;
1434965915447.15;EndAppear;1;;
1434965915463.93;EndAppear;1;;
1434965915480.68;EndAppear;1;;
1434965915497.21;EndAppear;1;;
1434965915513.67;EndAppear;1;;
1434965915530.55;EndAppear;1;;
1434965915546.64;EndAppear;1;;
1434965915563.47;EndAppear;1;;
1434965915580.28;EndAppear;1;;
1434965915596.73;EndAppear;1;;
1434965915613.45;EndAppear;1;;
1434965915630.04;EndAppear;1;;
1434965915646.32;EndAppear;1;;
1434965915663.11;EndAppear;1;;
1434965915679.72;EndAppear;1;;
1434965915696.38;EndAppear;1;;
1434965915713.01;EndAppear;1;;
1434965915730.55;EndAppear;1;;
1434965915747.11;EndAppear;1;;
1434965915763.95;EndAppear;1;;
1434965915780.54;EndAppear;1;;
1434965915797.34;EndAppear;1;;
1434965915813.8;EndAppear;1;;
1434965915830.46;EndAppear;1;;
1434965915846.43;EndAppear;1;;
1434965915863.24;EndAppear;1;;
1434965915879.95;EndAppear;1;;
1434965915896.59;EndAppear;1;;
1434965915913.14;EndAppear;1;;
1434965915930.55;EndAppear;1;;
1434965915947.17;EndAppear;1;;
1434965915963.87;EndAppear;1;;
1434965915980.53;EndAppear;1;;
1434965915997.18;EndAppear;1;;
1434965916014.76;EndAppear;1;;
1434965916031.44;EndAppear;1;;
1434965916048.01;EndAppear;1;;
1434965916064.79;EndAppear;1;;
1434965916081.44;EndAppear;1;;
1434965916098.05;EndAppear;1;;
1434965916114.62;EndAppear;1;;
1434965916131.3;EndAppear;1;;
1434965916147.83;EndAppear;1;;
1434965916164.63;EndAppear;1;;
1434965916181.08;EndAppear;1;;
1434965916197.87;EndAppear;1;;
1434965916214.55;EndAppear;1;;
1434965916231.23;EndAppear;1;;
1434965916247.75;EndAppear;1;;
1434965916264.53;EndAppear;1;;
1434965916281.24;EndAppear;1;;
1434965916297.58;EndAppear;1;;
1434965916314.85;EndAppear;1;;
1434965916331.48;EndAppear;1;;
1434965916348.02;EndAppear;1;;
1434965916364.78;EndAppear;1;;
1434965916390.39;EndAppear;1;;
1434965916407.66;EndAppear;1;;
1434965916424.41;EndAppear;1;;
1434965916440.34;EndAppear;1;;
1434965916457.48;EndAppear;1;;
1434965916473.89;EndAppear;1;;
1434965916490.85;EndAppear;1;;
1434965916507.24;EndAppear;1;;
1434965916522.98;EndAppear;1;;
1434965916540.6;EndAppear;1;;
1434965916556.36;EndAppear;1;;
1434965916573.13;EndAppear;1;;
1434965916589.48;EndAppear;1;;
1434965916606.59;EndAppear;1;;
1434965916623.34;EndAppear;1;;
1434965916639.06;EndAppear;1;;
1434965916656.44;EndAppear;1;;
1434965916672.17;EndAppear;1;;
1434965916689.2;EndAppear;1;;
1434965916705.85;EndAppear;1;;
1434965916722.6;EndAppear;1;;
1434965916739.26;EndAppear;1;;
1434965916755.27;EndAppear;1;;
1434965916772.51;EndAppear;1;;
1434965916788.2;EndAppear;1;;
1434965916805.39;EndAppear;1;;
1434965916821.42;EndAppear;1;;
1434965916838.58;EndAppear;1;;
1434965916855.25;EndAppear;1;;
1434965916870.98;EndAppear;1;;
1434965916887.42;EndAppear;1;;
1434965916904.22;EndAppear;1;;
1434965916920.95;EndAppear;1;;
1434965916937.61;EndAppear;1;;
1434965916954.45;EndAppear;1;;
1434965916970.72;EndAppear;1;;
1434965916987.13;EndAppear;1;;
1434965917003.96;EndAppear;1;;
1434965917020.16;EndAppear;1;;
1434965917037.38;EndAppear;1;;
1434965917053.29;EndAppear;1;;
1434965917070.01;EndAppear;1;;
1434965917086.54;EndAppear;1;;
1434965917103.08;EndAppear;1;;
1434965917120.08;EndAppear;1;;
1434965917136.45;EndAppear;1;;
1434965917153.59;EndAppear;1;;
1434965917169.94;EndAppear;1;;
1434965917186.39;EndAppear;1;;
1434965917202.67;EndAppear;1;;
1434965917219.67;EndAppear;1;;
1434965917236.34;EndAppear;1;;
1434965917252.93;EndAppear;1;;
1434965917268.87;EndAppear;1;;
1434965917285.79;EndAppear;1;;
1434965917302.24;EndAppear;1;;
1434965917319.2;EndAppear;1;;
1434965917336;EndAppear;1;;
1434965917353;EndAppear;1;;
1434965917369.11;EndAppear;1;;
1434965917385.78;EndAppear;1;;
1434965917402.44;EndAppear;1;;
1434965917418.85;EndAppear;1;;
1434965917435.7;EndAppear;1;;
1434965917451.83;EndAppear;1;;
1434965917468.39;EndAppear;1;;
1434965917485.17;EndAppear;1;;
1434965917501.4;EndAppear;1;;
1434965917518.37;EndAppear;1;;
1434965917534.99;EndAppear;1;;
1434965917551.65;EndAppear;1;;
1434965917567.63;EndAppear;1;;
1434965917584.41;EndAppear;1;;
1434965917600.94;EndAppear;1;;
1434965917617.7;EndAppear;1;;
1434965917634.08;EndAppear;1;;
1434965917650.66;EndAppear;1;;
1434965917667.28;EndAppear;1;;
1434965917683.97;EndAppear;1;;
1434965917700.6;EndAppear;1;;
1434965917717.14;EndAppear;1;;
1434965917734.65;EndAppear;1;;
1434965917751.39;EndAppear;1;;
1434965917767.76;EndAppear;1;;
1434965917784.52;EndAppear;1;;
1434965917801.03;EndAppear;1;;
1434965917817.55;EndAppear;1;;
1434965917834.67;EndAppear;1;;
1434965917850.74;EndAppear;1;;
1434965917867.32;EndAppear;1;;
1434965917884.04;EndAppear;1;;
1434965917900.72;EndAppear;1;;
1434965917917.17;EndAppear;1;;
1434965917934.88;EndAppear;1;;
1434965917951.5;EndAppear;1;;
1434965917968.07;EndAppear;1;;
1434965917984.83;EndAppear;1;;
1434965918001.45;EndAppear;1;;
1434965918017.88;EndAppear;1;;
1434965918036.55;EndAppear;1;;
1434965918051.61;EndAppear;1;;
1434965918068.08;EndAppear;1;;
1434965918084.8;EndAppear;1;;
1434965918101.62;EndAppear;1;;
1434965918118.61;EndAppear;1;;
1434965918135.29;EndAppear;1;;
1434965918151.91;EndAppear;1;;
1434965918168.51;EndAppear;1;;
1434965918185.21;EndAppear;1;;
1434965918202.92;EndAppear;1;;
1434965918219.62;EndAppear;1;;
1434965918236.21;EndAppear;1;;
1434965918252.83;EndAppear;1;;
1434965918269.6;EndAppear;1;;
1434965918286.03;EndAppear;1;;
1434965918302.81;EndAppear;1;;
1434965918318.95;EndAppear;1;;
1434965918335.56;EndAppear;1;;
1434965918352.11;EndAppear;1;;
1434965918368.72;EndAppear;1;;
1434965918385.49;EndAppear;1;;
1434965918402.96;EndAppear;1;;
1434965918419.61;EndAppear;1;;
1434965918436.29;EndAppear;1;;
1434965918452.91;EndAppear;1;;
1434965918469.57;EndAppear;1;;
1434965918485.97;EndAppear;1;;
1434965918502.58;EndAppear;1;;
1434965918519.23;EndAppear;1;;
1434965918535.83;EndAppear;1;;
1434965918552.5;EndAppear;1;;
1434965918571.31;EndAppear;1;;
1434965918588.42;EndAppear;1;;
1434965918604.67;EndAppear;1;;
1434965918621.28;EndAppear;1;;
1434965918637.91;EndAppear;1;;
1434965918654.57;EndAppear;1;;
1434965918671.25;EndAppear;1;;
1434965918687.74;EndAppear;1;;
1434965918704.24;EndAppear;1;;
1434965918720.47;EndAppear;1;;
1434965918737.23;EndAppear;1;;
1434965918753.88;EndAppear;1;;
1434965918770.89;EndAppear;1;;
1434965918787.34;EndAppear;1;;
1434965918804.46;EndAppear;1;;
1434965918820.77;EndAppear;1;;
1434965918837.41;EndAppear;1;;
1434965918854.11;EndAppear;1;;
1434965918870.64;EndAppear;1;;
1434965918886.7;EndAppear;1;;
1434965918903.46;EndAppear;1;;
1434965918920.11;EndAppear;1;;
1434965918936.77;EndAppear;1;;
1434965918953.38;EndAppear;1;;
1434965918970.88;EndAppear;1;;
1434965918987.47;EndAppear;1;;
1434965919004.19;EndAppear;1;;
1434965919020.86;EndAppear;1;;
1434965919037.57;EndAppear;1;;
1434965919054.11;EndAppear;1;;
1434965919070.95;EndAppear;1;;
1434965919087.48;EndAppear;1;;
1434965919104.38;EndAppear;1;;
1434965919120.72;EndAppear;1;;
1434965919137.53;EndAppear;1;;
1434965919154.96;EndAppear;1;;
1434965919171.62;EndAppear;1;;
1434965919188.24;EndAppear;1;;
1434965919204.89;EndAppear;1;;
1434965919221.58;EndAppear;1;;
1434965919238.23;EndAppear;1;;
1434965919254.68;EndAppear;1;;
1434965919271.07;EndAppear;1;;
1434965919287.52;EndAppear;1;;
1434965919304.35;EndAppear;1;;
1434965919320.9;EndAppear;1;;
1434965919337.54;EndAppear;1;;
1434965919355.21;EndAppear;1;;
1434965919371.94;EndAppear;1;;
1434965919388.42;EndAppear;1;;
1434965919405.02;EndAppear;1;;
1434965919421.9;EndAppear;1;;
1434965919438.48;EndAppear;1;;
1434965919454.7;EndAppear;1;;
1434965919471.66;EndAppear;1;;
1434965919487.87;EndAppear;1;;
1434965919504.61;EndAppear;1;;
1434965919521.24;EndAppear;1;;
1434965919538.57;EndAppear;1;;
1434965919556.19;EndAppear;1;;
1434965919572.97;EndAppear;1;;
1434965919589.53;EndAppear;1;;
1434965919606.1;EndAppear;1;;
1434965919622.92;EndAppear;1;;
1434965919639.43;EndAppear;1;;
1434965919656.09;EndAppear;1;;
1434965919672.69;EndAppear;1;;
1434965919689.36;EndAppear;1;;
1434965919705.9;EndAppear;1;;
1434965919722.79;EndAppear;1;;
1434965919770.88;EndAppear;1;;
1434965919787.4;EndAppear;1;;
1434965919804.11;EndAppear;1;;
1434965919822.82;EndAppear;1;;
1434965919839.51;EndAppear;1;;
1434965919856.16;EndAppear;1;;
1434965919872.75;EndAppear;1;;
1434965919889.37;EndAppear;1;;
1434965919905.94;EndAppear;1;;
1434965919922.7;EndAppear;1;;
1434965919939.36;EndAppear;1;;
1434965919955.55;EndAppear;1;;
1434965919972.1;EndAppear;1;;
1434965919988.56;EndAppear;1;;
1434965920005.4;EndAppear;1;;
1434965920021.79;EndAppear;1;;
1434965920038.7;EndAppear;1;;
1434965920055.58;EndAppear;1;;
1434965920072.04;EndAppear;1;;
1434965920088.51;EndAppear;1;;
1434965920105.1;EndAppear;1;;
1434965920121.9;EndAppear;1;;
1434965920138.77;EndAppear;1;;
1434965920155.46;EndAppear;1;;
1434965920172.14;EndAppear;1;;
1434965920188.62;EndAppear;1;;
1434965920205.13;EndAppear;1;;
1434965920222.95;EndAppear;1;;
1434965920239.62;EndAppear;1;;
1434965920256.43;EndAppear;1;;
1434965920273;EndAppear;1;;
1434965920289.56;EndAppear;1;;
1434965920306.07;EndAppear;1;;
1434965920322.94;EndAppear;1;;
1434965920339.59;EndAppear;1;;
1434965920356.23;EndAppear;1;;
1434965920372.82;EndAppear;1;;
1434965920389.53;EndAppear;1;;
1434965920406.86;EndAppear;1;;
1434965920423.62;EndAppear;1;;
1434965920440.28;EndAppear;1;;
1434965920456.88;EndAppear;1;;
1434965920473.56;EndAppear;1;;
1434965920490.2;EndAppear;1;;
1434965920506.43;EndAppear;1;;
1434965920523;EndAppear;1;;
1434965920539.59;EndAppear;1;;
1434965920556.38;EndAppear;1;;
1434965920574.89;EndAppear;1;;
1434965920592.06;EndAppear;1;;
1434965920608.07;EndAppear;1;;
1434965920624.83;EndAppear;1;;
1434965920641.33;EndAppear;1;;
1434965920658.08;EndAppear;1;;
1434965920674.72;EndAppear;1;;
1434965920691.08;EndAppear;1;;
1434965920707.64;EndAppear;1;;
1434965920724.4;EndAppear;1;;
1434965920741.05;EndAppear;1;;
1434965920757.71;EndAppear;1;;
1434965920774.23;EndAppear;1;;
1434965920791.11;EndAppear;1;;
1434965920806.99;EndAppear;1;;
1434965920823.75;EndAppear;1;;
1434965920840.4;EndAppear;1;;
1434965920857.01;EndAppear;1;;
1434965920873.67;EndAppear;1;;
1434965920890.86;EndAppear;1;;
1434965920907.47;EndAppear;1;;
1434965920924.13;EndAppear;1;;
1434965920940.83;EndAppear;1;;
1434965920957.51;EndAppear;1;;
1434965920974.17;EndAppear;1;;
1434965920990.79;EndAppear;1;;
1434965921007.33;EndAppear;1;;
1434965921024.02;EndAppear;1;;
1434965921040.67;EndAppear;1;;
1434965921057.33;EndAppear;1;;
1434965921073.96;EndAppear;1;;
1434965921091.17;EndAppear;1;;
1434965921107.8;EndAppear;1;;
1434965921124.5;EndAppear;1;;
1434965921141.16;EndAppear;1;;
1434965921157.78;EndAppear;1;;
1434965921174.75;EndAppear;1;;
1434965921191.38;EndAppear;1;;
1434965921207.87;EndAppear;1;;
1434965921224.66;EndAppear;1;;
1434965921241.29;EndAppear;1;;
1434965921259.09;EndAppear;1;;
1434965921275.71;EndAppear;1;;
1434965921292.42;EndAppear;1;;
1434965921308.97;EndAppear;1;;
1434965921325.37;EndAppear;1;;
1434965921342.26;EndAppear;1;;
1434965921359.18;EndAppear;1;;
1434965921375.02;EndAppear;1;;
1434965921391.68;EndAppear;1;;
1434965921408.9;EndAppear;1;;
1434965921424.94;EndAppear;1;;
1434965921441.55;EndAppear;1;;
1434965921458.2;EndAppear;1;;
1434965921474.96;EndAppear;1;;
1434965921491.62;EndAppear;1;;
1434965921508.25;EndAppear;1;;
1434965921524.89;EndAppear;1;;
1434965921543.09;EndAppear;1;;
1434965921559.8;EndAppear;1;;
1434965921576.44;EndAppear;1;;
1434965921623.02;EndAppear;1;;
1434965921639.64;EndAppear;1;;
1434965921659.09;EndAppear;1;;
1434965921675.73;EndAppear;1;;
1434965921692.35;EndAppear;1;;
1434965921708.93;EndAppear;1;;
1434965921725.68;EndAppear;1;;
1434965921742.29;EndAppear;1;;
1434965921759.12;EndAppear;1;;
1434965921775.77;EndAppear;1;;
1434965921792.45;EndAppear;1;;
1434965921808.92;EndAppear;1;;
1434965921825.69;EndAppear;1;;
1434965921842.32;EndAppear;1;;
1434965921858.96;EndAppear;1;;
1434965921875.62;EndAppear;1;;
1434965921892.23;EndAppear;1;;
1434965921908.66;EndAppear;1;;
1434965921925.55;EndAppear;1;;
1434965921941.9;EndAppear;1;;
1434965921959.02;EndAppear;1;;
1434965921975.67;EndAppear;1;;
1434965921992.34;EndAppear;1;;
1434965922008.65;EndAppear;1;;
1434965922025.62;EndAppear;1;;
1434965922043.37;EndAppear;1;;
1434965922060.03;EndAppear;1;;
1434965922076.75;EndAppear;1;;
1434965922093.32;EndAppear;1;;
1434965922109.95;EndAppear;1;;
1434965922126.37;EndAppear;1;;
1434965922142.91;EndAppear;1;;
1434965922159.61;EndAppear;1;;
1434965922176.34;EndAppear;1;;
1434965922192.86;EndAppear;1;;
1434965922209.49;EndAppear;1;;
1434965922226.84;EndAppear;1;;
1434965922243.61;EndAppear;1;;
1434965922260.25;EndAppear;1;;
1434965922277;EndAppear;1;;
1434965922293.52;EndAppear;1;;
1434965922311.19;EndAppear;1;;
1434965922327.75;EndAppear;1;;
1434965922344.44;EndAppear;1;;
1434965922361.14;EndAppear;1;;
1434965922377.84;EndAppear;1;;
1434965922394.53;EndAppear;1;;
1434965922411.28;EndAppear;1;;
1434965922427.75;EndAppear;1;;
1434965922444.54;EndAppear;1;;
1434965922461.15;EndAppear;1;;
1434965922477.8;EndAppear;1;;
1434965922494.44;EndAppear;1;;
1434965922511.35;EndAppear;1;;
1434965922527.98;EndAppear;1;;
1434965922544.69;EndAppear;1;;
1434965922563.07;EndAppear;1;;
1434965922580.04;EndAppear;1;;
1434965922596.75;EndAppear;1;;
1434965922612.91;EndAppear;1;;
1434965922629.34;EndAppear;1;;
1434965922645.97;EndAppear;1;;
1434965922662.8;EndAppear;1;;
1434965922679.45;EndAppear;1;;
1434965922696.11;EndAppear;1;;
1434965922712.21;EndAppear;1;;
1434965922728.74;EndAppear;1;;
1434965922745.44;EndAppear;1;;
1434965922762.23;EndAppear;1;;
1434965922778.47;EndAppear;1;;
1434965922795.19;EndAppear;1;;
1434965922811.52;EndAppear;1;;
1434965922827.99;EndAppear;1;;
1434965922844.8;EndAppear;1;;
1434965922861.42;EndAppear;1;;
1434965922878.07;EndAppear;1;;
1434965922894.72;EndAppear;1;;
1434965922911.13;EndAppear;1;;
1434965922927.68;EndAppear;1;;
1434965922944.63;EndAppear;1;;
1434965922961.09;EndAppear;1;;
1434965922977.72;EndAppear;1;;
1434965922995.39;EndAppear;1;;
1434965923012.17;EndAppear;1;;
1434965923028.63;EndAppear;1;;
1434965923045.38;EndAppear;1;;
1434965923062.05;EndAppear;1;;
1434965923079.34;EndAppear;1;;
1434965923096.02;EndAppear;1;;
1434965923112.72;EndAppear;1;;
1434965923129.3;EndAppear;1;;
1434965923145.84;EndAppear;1;;
1434965923162.58;EndAppear;1;;
1434965923179.52;EndAppear;1;;
1434965923196.16;EndAppear;1;;
1434965923213.02;EndAppear;1;;
1434965923229.46;EndAppear;1;;
1434965923245.85;EndAppear;1;;
1434965923263.33;EndAppear;1;;
1434965923279.99;EndAppear;1;;
1434965923296.61;EndAppear;1;;
1434965923313.28;EndAppear;1;;
1434965923329.93;EndAppear;1;;
1434965923346.15;EndAppear;1;;
1434965923363.22;EndAppear;1;;
1434965923379.31;EndAppear;1;;
1434965923395.96;EndAppear;1;;
1434965923412.6;EndAppear;1;;
1434965923429.29;EndAppear;1;;
1434965923445.79;EndAppear;1;;
1434965923462.55;EndAppear;1;;
1434965923479.43;EndAppear;1;;
1434965923496.12;EndAppear;1;;
1434965923512.76;EndAppear;1;;
1434965923529.41;EndAppear;1;;
1434965923545.74;EndAppear;1;;
1434965923563.55;EndAppear;1;;
1434965923579.84;EndAppear;1;;
1434965923596.37;EndAppear;1;;
1434965923613.1;EndAppear;1;;
1434965923629.75;EndAppear;1;;
1434965923646.44;EndAppear;1;;
1434965923663.36;EndAppear;1;;
1434965923679.98;EndAppear;1;;
1434965923696.65;EndAppear;1;;
1434965923713.35;EndAppear;1;;
1434965923730.08;EndAppear;1;;
1434965923746.48;EndAppear;1;;
1434965923763.25;EndAppear;1;;
1434965923780.02;EndAppear;1;;
1434965923796.83;EndAppear;1;;
1434965923815.3;EndAppear;1;;
1434965923832.25;EndAppear;1;;
1434965923848.53;EndAppear;1;;
1434965923865.25;EndAppear;1;;
1434965923881.93;EndAppear;1;;
1434965923898.56;EndAppear;1;;
1434965923915.2;EndAppear;1;;
1434965923931.98;EndAppear;1;;
1434965923947.84;EndAppear;1;;
1434965923964.59;EndAppear;1;;
1434965923981.31;EndAppear;1;;
1434965923997.84;EndAppear;1;;
1434965924014.53;EndAppear;1;;
1434965924030.86;EndAppear;1;;
1434965924047.23;EndAppear;1;;
1434965924063.92;EndAppear;1;;
1434965924080.52;EndAppear;1;;
1434965924097.11;EndAppear;1;;
1434965924113.81;EndAppear;1;;
1434965924130.45;EndAppear;1;;
1434965924147.19;EndAppear;1;;
1434965924163.97;EndAppear;1;;
1434965924180.66;EndAppear;1;;
1434965924197.34;EndAppear;1;;
1434965924213.71;EndAppear;1;;
1434965924231.37;EndAppear;1;;
1434965924247.98;EndAppear;1;;
1434965924264.73;EndAppear;1;;
1434965924287.25;EndAppear;1;;
1434965924307.06;EndAppear;1;;
1434965924343.56;EndAppear;1;;
1434965924363.1;EndAppear;1;;
1434965924391.22;EndAppear;1;;
1434965924423.16;EndAppear;1;;
1434965924447.25;EndAppear;1;;
1434965924475.27;EndAppear;1;;
1434965924507.04;EndAppear;1;;
1434965924531.15;EndAppear;1;;
1434965924559.35;EndAppear;1;;
1434965924591.31;EndAppear;1;;
1434965924610.9;EndAppear;1;;
1434965924631.28;EndAppear;1;;
1434965924647.78;EndAppear;1;;
1434965924664.56;EndAppear;1;;
1434965924681.19;EndAppear;1;;
1434965924697.87;EndAppear;1;;
1434965924715.26;EndAppear;1;;
1434965924731.9;EndAppear;1;;
1434965924748.36;EndAppear;1;;
1434965924765.11;EndAppear;1;;
1434965924783.88;EndAppear;1;;
1434965924800.8;EndAppear;1;;
1434965924817.16;EndAppear;1;;
1434965924833.8;EndAppear;1;;
1434965924855.42;EndAppear;1;;
1434965924875.61;EndAppear;1;;
1434965924911.83;EndAppear;1;;
1434965924943.37;EndAppear;1;;
1434965924975.18;EndAppear;1;;
1434965924999.45;EndAppear;1;;
1434965925027.33;EndAppear;1;;
1434965925051.68;EndAppear;1;;
1434965925075.34;EndAppear;1;;
1434965925099.28;EndAppear;1;;
1434965925127.37;EndAppear;1;;
1434965925151.66;EndAppear;1;;
1434965925175.11;EndAppear;1;;
1434965925199.13;EndAppear;1;;
1434965925227.64;EndAppear;1;;
1434965925251.83;EndAppear;1;;
1434965925552.41;EndAppear;1;;
1434965925568.29;EndAppear;1;;
1434965925585.17;EndAppear;1;;
1434965925611.77;EndAppear;1;;
1434965925635.11;EndAppear;1;;
1434965925911.86;EndAppear;1;;
1434965925928.79;EndAppear;1;;
1434965925944.78;EndAppear;1;;
1434965925967.1;EndAppear;1;;
1434965925995.46;EndAppear;1;;
1434965926015.21;EndAppear;1;;
1434965926288.26;EndAppear;1;;
1434965926304.54;EndAppear;1;;
1434965926331.62;EndAppear;1;;
1434965926351.22;EndAppear;1;;
1434965926379.59;EndAppear;1;;
1434965926568.15;EndAppear;1;;
1434965926584.44;EndAppear;1;;
1434965926601.14;EndAppear;1;;
1434965926619.68;EndAppear;1;;
1434965926636.23;EndAppear;1;;
1434965926652.73;EndAppear;1;;
1434965926669.58;EndAppear;1;;
1434965926685.91;EndAppear;1;;
1434965926702.78;EndAppear;1;;
1434965926783.57;EndAppear;1;;
1434965926804.04;EndAppear;1;;
1434965926823.34;EndAppear;1;;
1434965926840.47;EndAppear;1;;
1434965926857.1;EndAppear;1;;
1434965926873.35;EndAppear;1;;
1434965926890.38;EndAppear;1;;
1434965926906.44;EndAppear;1;;
1434965926923.38;EndAppear;1;;
1434965926939.73;EndAppear;1;;
1434965926956.26;EndAppear;1;;
1434965926973.17;EndAppear;1;;
1434965926989.45;EndAppear;1;;
1434965927005.75;EndAppear;1;;
1434965927022.49;EndAppear;1;;
1434965927038.85;EndAppear;1;;
1434965927055.74;EndAppear;1;;
1434965927072.01;EndAppear;1;;
1434965927088.93;EndAppear;1;;
1434965927105.11;EndAppear;1;;
1434965927121.76;EndAppear;1;;
1434965927138.44;EndAppear;1;;
1434965927155.15;EndAppear;1;;
1434965927171.74;EndAppear;1;;
1434965927188.26;EndAppear;1;;
1434965927204.47;EndAppear;1;;
1434965927221.25;EndAppear;1;;
1434965927237.65;EndAppear;1;;
1434965927254.31;EndAppear;1;;
1434965927271.09;EndAppear;1;;
1434965927287.47;EndAppear;1;;
1434965927304.36;EndAppear;1;;
1434965927459.93;EndAppear;1;;
1434965927476.85;EndAppear;1;;
1434965927493.49;EndAppear;1;;
1434965927510.3;EndAppear;1;;
1434965927526.75;EndAppear;1;;
1434965927543.46;EndAppear;1;;
1434965927560.2;EndAppear;1;;
1434965927575.9;EndAppear;1;;
1434965927592.65;EndAppear;1;;
1434965927609.35;EndAppear;1;;
1434965927625.89;EndAppear;1;;
1434965927642.75;EndAppear;1;;
1434965927659.04;EndAppear;1;;
1434965927675.71;EndAppear;1;;
1434965927692.16;EndAppear;1;;
1434965927708.59;EndAppear;1;;
1434965927725;EndAppear;1;;
1434965927742.25;EndAppear;1;;
1434965927758.75;EndAppear;1;;
1434965927774.83;EndAppear;1;;
1434965927791.43;EndAppear;1;;
1434965927807.91;EndAppear;1;;
1434965927824.77;EndAppear;1;;
1434965927841.42;EndAppear;1;;
1434965927858.07;EndAppear;1;;
1434965927874.14;EndAppear;1;;
1434965927890.81;EndAppear;1;;
1434965927908.31;EndAppear;1;;
1434965927924.15;EndAppear;1;;
1434965927940.72;EndAppear;1;;
1434965927956.87;EndAppear;1;;
1434965927973.56;EndAppear;1;;
1434965927990.12;EndAppear;1;;
1434965928006.67;EndAppear;1;;
1434965928023.41;EndAppear;1;;
1434965928040.04;EndAppear;1;;
1434965928056.3;EndAppear;1;;
1434965928072.82;EndAppear;1;;
1434965928089.7;EndAppear;1;;
1434965928105.9;EndAppear;1;;
1434965928122.48;EndAppear;1;;
1434965928139.79;EndAppear;1;;
1434965928191.61;EndAppear;1;;
1434965928208.71;EndAppear;1;;
1434965928225.19;EndAppear;1;;
1434965928241.57;EndAppear;1;;
1434965928258.13;EndAppear;1;;
1434965928274.84;EndAppear;1;;
1434965928291.42;EndAppear;1;;
1434965928419.93;EndAppear;1;;
1434965928439.7;EndAppear;1;;
1434965928456.36;EndAppear;1;;
1434965928473;EndAppear;1;;
1434965928489.75;EndAppear;1;;
1434965928736.65;EndAppear;1;;
1434965928755.71;EndAppear;1;;
1434965928772.2;EndAppear;1;;
1434965928788.62;EndAppear;1;;
1434965928807.75;EndAppear;1;;
1434965928824.41;EndAppear;1;;
1434965929081.32;EndAppear;1;;
1434965929097.75;EndAppear;1;;
1434965929114.04;EndAppear;1;;
1434965929130.66;EndAppear;1;;
1434965929147.25;EndAppear;1;;
1434965929396.53;EndAppear;1;;
1434965929413.07;EndAppear;1;;
1434965929430.05;EndAppear;1;;
1434965929446.4;EndAppear;1;;
1434965929463.14;EndAppear;1;;
1434965929479.78;EndAppear;1;;
1434965929740.93;EndAppear;1;;
1434965929759.81;EndAppear;1;;
1434965929776.46;EndAppear;1;;
1434965929793.12;EndAppear;1;;
1434965929809.75;EndAppear;1;;
1434965929896.15;EndAppear;1;;
1434965929913.13;EndAppear;1;;
1434965929929.73;EndAppear;1;;
1434965929946.35;EndAppear;1;;
1434965929963.09;EndAppear;1;;
1434965930100.4;EndAppear;1;;
1434965930117.74;EndAppear;1;;
1434965930133.85;EndAppear;1;;
1434965930150.9;EndAppear;1;;
1434965930166.77;EndAppear;1;;
1434965930183.5;EndAppear;1;;
1434965930316.39;EndAppear;1;;
1434965930333.25;EndAppear;1;;
1434965930349.88;EndAppear;1;;
1434965930366;EndAppear;1;;
1434965930382.73;EndAppear;1;;
1434965930399.39;EndAppear;1;;
1434965930416.01;EndAppear;1;;
1434965930431.75;EndAppear;1;;
1434965930448.4;EndAppear;1;;
1434965930465.31;EndAppear;1;;
1434965930481.89;EndAppear;1;;
1434965930498.17;EndAppear;1;;
1434965930514.69;EndAppear;1;;
1434965930531.96;EndAppear;1;;
1434965930547.96;EndAppear;1;;
1434965930564.32;EndAppear;1;;
1434965930581.27;EndAppear;1;;
1434965930597.47;EndAppear;1;;
1434965930614.67;EndAppear;1;;
1434965930630.57;EndAppear;1;;
1434965930646.94;EndAppear;1;;
1434965930664.08;EndAppear;1;;
1434965930680.68;EndAppear;1;;
1434965930697.39;EndAppear;1;;
1434965930713.99;EndAppear;1;;
1434965930730.7;EndAppear;1;;
1434965930746.64;EndAppear;1;;
1434965930763.49;EndAppear;1;;
1434965930780.04;EndAppear;1;;
1434965930796.68;EndAppear;1;;
1434965930813.31;EndAppear;1;;
1434965930829.4;EndAppear;1;;
1434965930968.45;EndAppear;1;;
1434965930985.16;EndAppear;1;;
1434965931001.39;EndAppear;1;;
1434965931018.41;EndAppear;1;;
1434965931035.1;EndAppear;1;;
1434965931051.91;EndAppear;1;;
1434965931067.62;EndAppear;1;;
1434965931084.54;EndAppear;1;;
1434965931101.21;EndAppear;1;;
1434965931117.41;EndAppear;1;;
1434965931134.52;EndAppear;1;;
1434965931150.33;EndAppear;1;;
1434965931167.57;EndAppear;1;;
1434965931371.66;EndAppear;1;;
1434965931386.86;EndAppear;1;;
1434965931403.06;EndAppear;1;;
1434965931419.62;EndAppear;1;;
1434965931436.22;EndAppear;1;;
1434965931453.47;EndAppear;1;;
1434965931499.92;EndAppear;1;;
1434965931516.93;EndAppear;1;;
1434965931533.27;EndAppear;1;;
1434965931550.2;EndAppear;1;;
1434965931566.76;EndAppear;1;;
1434965931582.68;EndAppear;1;;
1434965931712.2;EndAppear;1;;
1434965931728.48;EndAppear;1;;
1434965931745.27;EndAppear;1;;
1434965931761.9;EndAppear;1;;
1434965931778.54;EndAppear;1;;
1434965931795.93;EndAppear;1;;
1434965931924.15;EndAppear;1;;
1434965931941.6;EndAppear;1;;
1434965931957.67;EndAppear;1;;
1434965931974.74;EndAppear;1;;
1434965931991.11;EndAppear;1;;
1434965932007.76;EndAppear;1;;
1434965932023.67;EndAppear;1;;
1434965932040.32;EndAppear;1;;
1434965932057.03;EndAppear;1;;
1434965932073.37;EndAppear;1;;
1434965932090.86;EndAppear;1;;
1434965932107;EndAppear;1;;
1434965932124.01;EndAppear;1;;
1434965932140.22;EndAppear;1;;
1434965932156.17;EndAppear;1;;
1434965932173.83;EndAppear;1;;
1434965932189.93;EndAppear;1;;
1434965932206.59;EndAppear;1;;
1434965932222.46;EndAppear;1;;
1434965932239.75;EndAppear;1;;
1434965932364.09;EndAppear;1;;
1434965932380.58;EndAppear;1;;
1434965932397.28;EndAppear;1;;
1434965932413.85;EndAppear;1;;
1434965932430.48;EndAppear;1;;
1434965932448.08;EndAppear;1;;
1434965932464.51;EndAppear;1;;
1434965932481.16;EndAppear;1;;
1434965932497.76;EndAppear;1;;
1434965932514.41;EndAppear;1;;
1434965932531.03;EndAppear;1;;
1434965932547.88;EndAppear;1;;
1434965932564.65;EndAppear;1;;
1434965932581.59;EndAppear;1;;
1434965932597.81;EndAppear;1;;
1434965932614.6;EndAppear;1;;
1434965932630.92;EndAppear;1;;
1434965932647.9;EndAppear;1;;
1434965932664.78;EndAppear;1;;
1434965932681.3;EndAppear;1;;
1434965932700.19;EndAppear;1;;
1434965932716.85;EndAppear;1;;
1434965932733.99;EndAppear;1;;
1434965932750.08;EndAppear;1;;
1434965932766.7;EndAppear;1;;
1434965932783.42;EndAppear;1;;
1434965932800.12;EndAppear;1;;
1434965932816.51;EndAppear;1;;
1434965932832.77;EndAppear;1;;
1434965932849.45;EndAppear;1;;
1434965932866.36;EndAppear;1;;
1434965932882.73;EndAppear;1;;
1434965932899.37;EndAppear;1;;
1434965932916.01;EndAppear;1;;
1434965932932.66;EndAppear;1;;
1434965932948.63;EndAppear;1;;
1434965932965.4;EndAppear;1;;
1434965932982.3;EndAppear;1;;
1434965932998.66;EndAppear;1;;
1434965933016.14;EndAppear;1;;
1434965933032.77;EndAppear;1;;
1434965933049.43;EndAppear;1;;
1434965933065.97;EndAppear;1;;
1434965933083.1;EndAppear;1;;
1434965933099.35;EndAppear;1;;
1434965933116.1;EndAppear;1;;
1434965933132.09;EndAppear;1;;
1434965933148.67;EndAppear;1;;
1434965933165.4;EndAppear;1;;
1434965933182.09;EndAppear;1;;
1434965933200.25;EndAppear;1;;
1434965933216.92;EndAppear;1;;
1434965933234.08;EndAppear;1;;
1434965933250.23;EndAppear;1;;
1434965933266.75;EndAppear;1;;
1434965933283.46;EndAppear;1;;
1434965933300.22;EndAppear;1;;
1434965933316.88;EndAppear;1;;
1434965933333.51;EndAppear;1;;
1434965933350.16;EndAppear;1;;
1434965933367.04;EndAppear;1;;
1434965933383.89;EndAppear;1;;
1434965933400.19;EndAppear;1;;
1434965933416.8;EndAppear;1;;
1434965933433.48;EndAppear;1;;
1434965933450.11;EndAppear;1;;
1434965933466.79;EndAppear;1;;
1434965933483.38;EndAppear;1;;
1434965933500.43;EndAppear;1;;
1434965933516.15;EndAppear;1;;
1434965933532.75;EndAppear;1;;
1434965933549.41;EndAppear;1;;
1434965933565.85;EndAppear;1;;
1434965933584.34;EndAppear;1;;
1434965933601.29;EndAppear;1;;
1434965933618.27;EndAppear;1;;
1434965933634.28;EndAppear;1;;
1434965933650.87;EndAppear;1;;
1434965933667.32;EndAppear;1;;
1434965933684.2;EndAppear;1;;
1434965933700.55;EndAppear;1;;
1434965933717.32;EndAppear;1;;
1434965933733.54;EndAppear;1;;
1434965933750.21;EndAppear;1;;
1434965933768.45;EndAppear;1;;
1434965933785.25;EndAppear;1;;
1434965933802.13;EndAppear;1;;
1434965933819.76;EndAppear;1;;
1434965933860.09;EndAppear;1;;
1434965933876.77;EndAppear;1;;
1434965933893.73;EndAppear;1;;
1434965933910.51;EndAppear;1;;
1434965933926.34;EndAppear;1;;
1434965933943.79;EndAppear;1;;
1434965933960.15;EndAppear;1;;
1434965933977.07;EndAppear;1;;
1434965933993.61;EndAppear;1;;
1434965934011.02;EndAppear;1;;
1434965934026.03;EndAppear;1;;
1434965934043.35;EndAppear;1;;
1434965934059.66;EndAppear;1;;
1434965934076.3;EndAppear;1;;
1434965934093.58;EndAppear;1;;
1434965934110.68;EndAppear;1;;
1434965934125.99;EndAppear;1;;
1434965934142.68;EndAppear;1;;
1434965934159.31;EndAppear;1;;
1434965934175.63;EndAppear;1;;
1434965934192.66;EndAppear;1;;
1434965934208.76;EndAppear;1;;
1434965934225.46;EndAppear;1;;
1434965934242.04;EndAppear;1;;
1434965934258.08;EndAppear;1;;
1434965934275.33;EndAppear;1;;
1434965934291.62;EndAppear;1;;
1434965934307.46;EndAppear;1;;
1434965934324.7;EndAppear;1;;
1434965934341.48;EndAppear;1;;
1434965934357.46;EndAppear;1;;
1434965934375.02;EndAppear;1;;
1434965934390.86;EndAppear;1;;
1434965934406.87;EndAppear;1;;
1434965934423.74;EndAppear;1;;
1434965934439.95;EndAppear;1;;
1434965934456.91;EndAppear;1;;
1434965934473.75;EndAppear;1;;
1434965934489.99;EndAppear;1;;
1434965934506.19;EndAppear;1;;
1434965934523.06;EndAppear;1;;
1434965934539.39;EndAppear;1;;
1434965934556.93;EndAppear;1;;
1434965934573.16;EndAppear;1;;
1434965934589.5;EndAppear;1;;
1434965934606.11;EndAppear;1;;
1434965934622.81;EndAppear;1;;
1434965934639.48;EndAppear;1;;
1434965934655.83;EndAppear;1;;
1434965934672.5;EndAppear;1;;
1434965934688.52;EndAppear;1;;
1434965934705.51;EndAppear;1;;
1434965934721.62;EndAppear;1;;
1434965934738.79;EndAppear;1;;
1434965934754.87;EndAppear;1;;
1434965934771.53;EndAppear;1;;
1434965934787.7;EndAppear;1;;
1434965934804.56;EndAppear;1;;
1434965934821.79;EndAppear;1;;
1434965934837.97;EndAppear;1;;
1434965934854.64;EndAppear;1;;
1434965934871.01;EndAppear;1;;
1434965934887.42;EndAppear;1;;
1434965934904.79;EndAppear;1;;
1434965934920.87;EndAppear;1;;
1434965934937.24;EndAppear;1;;
1434965934953.8;EndAppear;1;;
1434965934970.47;EndAppear;1;;
1434965934987.8;EndAppear;1;;
1434965935003.81;EndAppear;1;;
1434965935020.48;EndAppear;1;;
1434965935037.12;EndAppear;1;;
1434965935053.8;EndAppear;1;;
1434965935070.34;EndAppear;1;;
1434965935086.98;EndAppear;1;;
1434965935103.72;EndAppear;1;;
1434965935120.78;EndAppear;1;;
1434965935136.53;EndAppear;1;;
1434965935153.56;EndAppear;1;;
1434965935169.78;EndAppear;1;;
1434965935186.29;EndAppear;1;;
1434965935203.04;EndAppear;1;;
1434965935220.37;EndAppear;1;;
1434965935237.02;EndAppear;1;;
1434965935253.64;EndAppear;1;;
1434965935271.02;EndAppear;1;;
1434965935286.82;EndAppear;1;;
1434965935303.58;EndAppear;1;;
1434965935320.33;EndAppear;1;;
1434965935337.02;EndAppear;1;;
1434965935353.95;EndAppear;1;;
1434965935370.21;EndAppear;1;;
1434965935386.83;EndAppear;1;;
1434965935403.61;EndAppear;1;;
1434965935420.61;EndAppear;1;;
1434965935437.05;EndAppear;1;;
1434965935453.65;EndAppear;1;;
1434965935470.57;EndAppear;1;;
1434965935486.77;EndAppear;1;;
1434965935503.91;EndAppear;1;;
1434965935520.55;EndAppear;1;;
1434965935537.22;EndAppear;1;;
1434965935553.81;EndAppear;1;;
1434965935570.84;EndAppear;1;;
1434965935587.59;EndAppear;1;;
1434965935603.82;EndAppear;1;;
1434965935620.3;EndAppear;1;;
1434965935636.99;EndAppear;1;;
1434965935656.27;EndAppear;1;;
1434965935673.06;EndAppear;1;;
1434965935690.15;EndAppear;1;;
1434965935705.78;EndAppear;1;;
1434965935722.5;EndAppear;1;;
1434965935739.2;EndAppear;1;;
1434965935756.53;EndAppear;1;;
1434965935772.47;EndAppear;1;;
1434965935788.49;EndAppear;1;;
1434965935805.2;EndAppear;1;;
1434965935821.81;EndAppear;1;;
1434965935838.5;EndAppear;1;;
1434965935855.85;EndAppear;1;;
1434965935871.81;EndAppear;1;;
1434965935888.23;EndAppear;1;;
1434965935904.99;EndAppear;1;;
1434965935921.64;EndAppear;1;;
1434965935938.36;EndAppear;1;;
1434965935955.18;EndAppear;1;;
1434965935972.02;EndAppear;1;;
1434965935988.07;EndAppear;1;;
1434965936004.87;EndAppear;1;;
1434965936021.49;EndAppear;1;;
1434965936038.85;EndAppear;1;;
1434965936055.18;EndAppear;1;;
1434965936071.5;EndAppear;1;;
1434965936088.29;EndAppear;1;;
1434965936105.1;EndAppear;1;;
1434965936121.79;EndAppear;1;;
1434965936138.94;EndAppear;1;;
1434965936155.04;EndAppear;1;;
1434965936171.75;EndAppear;1;;
1434965936188.64;EndAppear;1;;
1434965936205.14;EndAppear;1;;
1434965936221.77;EndAppear;1;;
1434965936238.47;EndAppear;1;;
1434965936255.08;EndAppear;1;;
1434965936271.69;EndAppear;1;;
1434965936288.01;EndAppear;1;;
1434965936304.91;EndAppear;1;;
1434965936322.59;EndAppear;1;;
1434965936338.04;EndAppear;1;;
1434965936354.71;EndAppear;1;;
1434965936372.46;EndAppear;1;;
1434965936389.15;EndAppear;1;;
1434965936405.67;EndAppear;1;;
1434965936422.44;EndAppear;1;;
1434965936439.09;EndAppear;1;;
1434965936456.31;EndAppear;1;;
1434965936473.04;EndAppear;1;;
1434965936489.6;EndAppear;1;;
1434965936506.12;EndAppear;1;;
1434965936522.87;EndAppear;1;;
1434965936539.54;EndAppear;1;;
1434965936557.02;EndAppear;1;;
1434965936572.4;EndAppear;1;;
1434965936588.9;EndAppear;1;;
1434965936605.67;EndAppear;1;;
1434965936624.63;EndAppear;1;;
1434965936641.75;EndAppear;1;;
1434965936658.44;EndAppear;1;;
1434965936674.67;EndAppear;1;;
1434965936691.21;EndAppear;1;;
1434965936707.46;EndAppear;1;;
1434965936724.47;EndAppear;1;;
1434965936740.85;EndAppear;1;;
1434965936757.21;EndAppear;1;;
1434965936773.91;EndAppear;1;;
1434965936790.49;EndAppear;1;;
1434965936808.42;EndAppear;1;;
1434965936825.77;EndAppear;1;;
1434965936841.83;EndAppear;1;;
1434965936858.48;EndAppear;1;;
1434965936875.16;EndAppear;1;;
1434965936891.79;EndAppear;1;;
1434965936908.34;EndAppear;1;;
1434965936924.98;EndAppear;1;;
1434965936941.2;EndAppear;1;;
1434965936957.79;EndAppear;1;;
1434965936974.45;EndAppear;1;;
1434965936991.09;EndAppear;1;;
1434965937007.57;EndAppear;1;;
1434965937024.38;EndAppear;1;;
1434965937040.54;EndAppear;1;;
1434965937057.12;EndAppear;1;;
1434965937073.78;EndAppear;1;;
1434965937090.45;EndAppear;1;;
1434965937106.92;EndAppear;1;;
1434965937123.72;EndAppear;1;;
1434965937140.47;EndAppear;1;;
1434965937157.12;EndAppear;1;;
1434965937173.85;EndAppear;1;;
1434965937190.53;EndAppear;1;;
1434965937206.95;EndAppear;1;;
1434965937224.35;EndAppear;1;;
1434965937241.04;EndAppear;1;;
1434965937257.61;EndAppear;1;;
1434965937274.16;EndAppear;1;;
1434965937290.9;EndAppear;1;;
1434965937307.4;EndAppear;1;;
1434965937324.35;EndAppear;1;;
1434965937340.44;EndAppear;1;;
1434965937357.17;EndAppear;1;;
1434965937373.75;EndAppear;1;;
1434965937390.51;EndAppear;1;;
1434965937408.3;EndAppear;1;;
1434965937425.71;EndAppear;1;;
1434965937441.71;EndAppear;1;;
1434965937458.36;EndAppear;1;;
1434965937474.87;EndAppear;1;;
1434965937491.34;EndAppear;1;;
1434965937508.14;EndAppear;1;;
1434965937544.23;EndAppear;1;;
1434965937604.78;EndAppear;1;;
